D,la_stack,la_lo,la_hi,nalgebra,na_lo,na_hi,faer,fa_lo,fa_hi
8,139.1757887813422,138.85553999302812,139.43884658648437,178.21202693227167,177.52836844843281,178.55635798393308,385.32108423907505,384.06743118586223,386.57307928983295
16,621.9073704935589,609.1396166716988,629.7385504068142,593.0675282677521,591.0085279317698,593.8912579957356,914.6753125472296,910.9807147912244,918.442061653845
32,2686.106579251768,2673.9338182855513,2693.15666392619,2494.9662128806867,2492.8615451388887,2498.0652466220645,2928.5380530973453,2923.4865662122297,2933.5632483081727
64,16748.679299149127,16714.879960962913,16783.847576211894,14695.374476410936,14657.57544191919,14718.787518037518,12441.879753474954,12411.776004717805,12477.712264150943
