D,la_stack,la_lo,la_hi,nalgebra,na_lo,na_hi,faer,fa_lo,fa_hi
2,2.0129952217223885,2.0061407197443417,2.0168122172304086,4.404951992571533,4.400418609647442,4.408452656262073,139.3517253218574,138.50482989350675,139.86343502882943
3,14.795179075506232,14.789286135110832,14.803244538731988,23.172070504384962,23.0520401720687,23.278155934276526,179.56220546930416,178.55531914893618,180.22876722354502
4,27.752029315580472,27.741824246874756,27.774331807541486,53.272537394230646,53.208071025020175,53.319913510497315,209.67690958415466,209.0381468958392,210.0178826478561
5,47.39011385617569,47.36572705870567,47.434535810291855,72.94987826328057,72.91627145664927,73.02378983549339,269.79719305517176,269.4128804326373,270.45311738551584
8,134.48018448401416,134.3040585873219,134.6177509579855,164.2427127034942,159.74575068811896,165.2338455884042,362.6677206250939,361.5072061149183,364.00475693887375
16,608.4597753007785,607.342235543899,611.125613448888,582.1338665451551,581.731399541134,582.8570980467689,865.1028781294933,859.9175712497981,870.7697108742846
32,2649.762983737125,2647.4328951193515,2653.1137228006733,2762.180088243148,2758.509459060006,2764.2234699973396,2874.7399273255814,2870.4124273255816,2878.4722333600644
64,17511.168839634942,17441.1430343117,17579.095531587056,14424.83263094631,14028.021071428571,14452.97602905569,12461.533509700177,12410.040987654322,12510.995978301533
