D,la_stack,la_lo,la_hi,nalgebra,na_lo,na_hi,faer,fa_lo,fa_hi
2,2.309084094214292,2.303508072051772,2.320556696513248,4.364518872374484,4.358154936085015,4.36964789592874,140.15575262034162,139.53334588117198,140.4495844508752
3,18.33097673394614,18.273359518783604,18.361403406211608,22.705897034612143,22.564093728463128,22.91072188569287,181.0737171931479,180.38682460200042,181.70129206459293
4,27.430461775038097,27.41326480258085,27.462758331001304,51.37175309721522,51.29468685146327,51.477167992692316,210.45129217481627,210.11591462124417,211.12191423331922
5,53.8187502446859,53.70850909928479,53.85944288329581,70.72209914126024,70.58461080060759,70.80642561266758,276.0642099442515,275.26718428973214,277.08908382769255
8,143.61107101616628,143.08566824669077,144.23973111184426,160.3091383596412,157.74277868119285,162.4765631219522,356.9597107252403,356.09333193008604,357.7579293922214
16,611.393474121212,607.0554516008083,614.0988895347266,580.7933953429945,578.7449824562907,581.0957836912207,871.7039621195331,869.4837470449172,873.6488504064271
32,2631.241121426466,2626.669908635426,2635.1795337149238,2733.9455793946936,2732.3185346416067,2737.926103179753,2832.8157108843534,2829.2559523809523,2837.7406015037595
64,17233.344659711875,17191.217013729976,17341.914285714287,14112.678414368063,13965.669014084508,14162.695618153364,12164.571092017737,12137.462174452254,12181.512446567765
