D,la_stack,la_lo,la_hi,nalgebra,na_lo,na_hi,faer,fa_lo,fa_hi
2,2.044247740315049,2.040641419605847,2.047569588154799,18.265517395138673,18.250591198985774,18.297676369204602,164.19706054954844,162.47079605906202,164.86458382624332
3,13.464763806510756,13.437074373868214,13.484583161677273,23.722950831222768,23.573321604791882,24.024315507797482,214.2308743241881,212.98887614452113,215.36922462070814
4,27.7742179338886,27.7660328871038,27.78556019387555,53.68871396726941,53.56683166860114,53.741143214409234,238.47647656532206,238.05189773004636,239.26867142676178
5,46.98152924614308,46.94840470290342,47.0348005728522,71.07022651266888,71.00586391725177,71.19002597963511,301.80588374550166,301.05852249316405,303.1561451527459
8,138.66353609274998,138.339181168218,138.94434551913307,177.9921185190576,177.7515067799005,178.24335355018155,388.1460476516155,386.66699656901557,389.2579697462183
16,629.2188734581864,621.8144395186827,635.6202941383435,589.140589150338,588.1983479898586,590.7972407151531,915.5199297354965,913.1974287780308,917.5517639372822
32,2669.1485057915056,2667.3986486486488,2674.811448527179,2484.3269346011666,2482.2321064783373,2492.7009775861834,2937.819436085245,2933.2712235968556,2945.8553757440477
64,16673.838731443993,16641.941176470587,16708.757965315588,14833.98222764618,14760.972257789159,14866.229402919946,12528.616960167714,12505.0,12554.478434650457
