D,la_stack,la_lo,la_hi,nalgebra,na_lo,na_hi,faer,fa_lo,fa_hi
2,2.172623282439358,2.165444772092298,2.185506739324025,4.448408979470227,4.439782928520427,4.459719277058991,139.9226022608816,139.06474375246668,140.51212151197308
3,13.989121746672993,13.955023991167852,14.013050521832692,34.606732435908626,33.499470537742226,34.761521044572746,180.02609852620088,179.59708359326262,180.8791974100286
4,27.58037208037632,27.526517442670773,27.627054765320764,48.435129151777026,48.360737894391505,48.549664199225454,203.162599789916,202.79373021936047,203.32348086504715
5,53.5167292278733,53.2079241828104,53.645503456564526,75.93470878300764,75.4146378575776,76.19896610821027,274.374828180443,272.8463967468175,275.1594136908799
8,134.8587910191369,134.33353258195461,135.23630002147613,162.85903692402766,162.5110280122886,163.16671953470214,371.4632572777341,369.98617150369097,373.2859170186846
16,635.7754523403698,630.758052532669,638.095305070158,576.1714016094243,575.8381924198251,577.8533527696793,846.1888291695698,843.6908420833043,847.8866115184559
32,2704.5696137095592,2696.7101307744565,2715.9278532608696,2731.7404900064475,2726.3126052188554,2735.1429635561008,2589.4939744827334,2587.8085641182724,2594.9184784361632
64,17381.45994623656,17346.594885060753,17418.868905879215,13744.504879275653,13711.504555743551,13761.18247949234,11276.642192271553,11263.305944055945,11293.149440751858
