D,la_stack,la_lo,la_hi,nalgebra,na_lo,na_hi,faer,fa_lo,fa_hi
2,2.0454684689976146,2.0432155325590573,2.0485987680935405,4.414511694760034,4.406599283210108,4.426933416362294,136.73085619301492,136.45088546867566,136.92787831733483
3,14.818923468316799,14.811950626339796,14.82484674828182,24.399427522790084,24.33836562007105,24.666543968800866,181.33444585948953,180.8933159932796,181.98711041958808
4,27.794899622860548,27.78027895814285,27.81212522009052,53.80319438897298,53.684469441176674,53.89392746014917,210.66192596734228,210.0027982380127,211.9300530762565
5,47.76003648417629,47.73205212951767,47.79332794827735,74.25680971037693,74.23076446371606,74.27596489923403,273.87450706500226,273.2241386059548,274.70796379414764
8,135.47327707790163,135.2266351566324,135.6164910541459,165.77838196644961,160.93086959706193,166.85776546306164,364.93065243675596,363.5769477094635,366.47952438186815
16,599.2191464740079,593.6573994797473,603.2817284565573,581.4781896521027,581.0987618052835,581.7081940907069,887.0686678156517,882.6216487935657,889.8735643597128
32,2656.963601229565,2654.5969836614995,2658.1774193548385,2761.9040527263523,2760.2163978494623,2763.8951278587906,2864.2946328271273,2859.9316934238113,2879.0604288499026
64,17288.91288906009,17236.323250249254,17466.823498255235,13794.765761234072,13776.7726861167,13808.700567038595,12324.89597505669,12320.333910114434,12327.53281351527
