D,la_stack,la_lo,la_hi,nalgebra,na_lo,na_hi,faer,fa_lo,fa_hi
2,2.064783337073873,2.057689704502174,2.068888221867889,18.37497049638361,18.331137225709913,18.44905068359342,160.41828167015206,159.771806584937,161.23095742945685
3,13.456732290936305,13.447517145467188,13.49236442840063,23.37662094350666,23.266710970814643,23.477406862396062,198.4402652520574,197.38808795625323,199.0284125157543
4,27.75044852748178,27.599588184050052,27.785226320734317,54.266619121715074,54.15885008672231,54.36197439817226,228.74410991553628,227.56318439122288,230.055154703485
5,46.31708492242545,46.21936017779927,46.502000712392494,73.83977618264294,73.57429654893484,74.07010889514254,291.6230709464669,290.6976886943525,292.8926041338858
8,138.18343752426807,137.71388876876108,138.5654231809486,177.9820086523135,177.7122781945933,178.24448790485158,389.0063341187339,387.97176861931916,389.80891746278604
16,629.4267672715603,626.9209242618742,638.6291503313327,591.5050977290701,590.798294714918,592.3790737673589,893.6719342969343,891.1105343477684,898.4784384384384
32,2688.2164628623186,2684.227603602204,2691.7876890359166,2503.1570307509674,2500.668872475772,2506.5409929308526,2908.435890151515,2905.222288277013,2916.704963235294
64,16771.9616225278,16754.37058346066,16817.485164835165,14860.015805946792,14773.547535211268,14956.477776495036,12485.423971036585,12471.988315217392,12501.272443181819
