D,la_stack,la_lo,la_hi,nalgebra,na_lo,na_hi,faer,fa_lo,fa_hi
2,2.0258758718048133,2.014534795046898,2.0337088481055914,4.476274388530518,4.468773998658985,4.486731305906561,142.36367198250207,141.82715200931858,143.21787638322655
3,15.717669371675765,15.648950929023092,15.867428712733322,23.857261749124255,23.694320255654922,24.088176511317513,191.02830230753565,189.6244976294505,192.02929880197323
4,28.171349365792665,28.1324478448672,28.229709543836528,53.515728177148674,53.34916975176522,53.77942386273234,213.4924047917039,212.38023954262556,214.5020685579196
5,47.59503548589087,47.38801322788408,47.79285706741585,72.86136096441832,72.71078395288922,73.06408244387191,287.76335568245673,286.6382644567461,290.2384197600831
8,137.87610457779525,137.2567887868679,138.23988300398284,163.72019468107788,162.28590020683725,165.54345017655672,365.79150403431754,364.6016750345311,366.73479988263375
16,609.4564776739355,607.5162485653386,612.3944602465123,594.1937570340338,593.0004570514468,596.1405861684806,910.9849864426476,908.2138488534533,915.6392660912747
32,2719.555966413325,2713.00270671728,2725.4250499879836,2812.7660040983606,2808.242909028018,2819.1458333333335,2921.819801830421,2919.528526414588,2928.77003109304
64,17776.557416267944,17736.584051724138,17819.410263618192,14083.937823189666,14046.268052019077,14108.37641453246,12541.345378151262,12524.776339285716,12565.923475609756
