D,la_stack,la_lo,la_hi,nalgebra,na_lo,na_hi,faer,fa_lo,fa_hi
2,2.585300857336246,2.582809844321982,2.586669800817735,4.486088257090016,4.479229681572247,4.492362317908142,137.6529309582465,137.31998885139873,137.93586339517975
3,12.203757609083176,12.183054403617847,12.224101270062874,22.990257557091617,22.91154128675699,23.12912235259086,182.61806110946827,181.880047375976,183.37040632194638
4,27.227520807109173,27.202299533674857,27.266723521091606,51.66011127074051,51.555715086488036,51.840625331770724,208.18091469437718,207.68326634854134,209.09477296109242
5,53.14134517762996,53.09941497989714,53.281547651078945,68.71356228143745,68.56318667878111,68.77114355114793,272.1171465104768,270.47097586206894,274.01601221264366
8,141.2790253849833,140.95206481826406,141.68049543712607,162.22478601970167,161.86865626610683,162.56549560477754,348.21559402824914,347.18022267396856,349.1754040441267
16,626.5606138541871,624.4956536182669,627.6291586692258,574.1147371436412,572.7849165188117,575.6888051044084,854.9407805348176,853.314408186121,859.1660992820005
32,2862.794789510007,2860.7804785793915,2864.5392419175027,2709.532471877147,2702.3908894171072,2716.620725916311,2806.6981316154734,2802.5897840011316,2814.7045584045586
64,19703.238514957266,19501.774005848587,19923.90512820513,14388.28538961039,14376.077992277993,14407.440476190477,12085.452737127373,12070.825515947467,12098.666085946574
