D,la_stack,la_lo,la_hi,nalgebra,na_lo,na_hi,faer,fa_lo,fa_hi
2,2.0437070181606085,2.0425631264853448,2.04607019228461,4.542175209414122,4.538937481352276,4.545658680820327,143.95823454981254,143.35650513307058,144.55261268043853
3,9.595660662683073,9.588797748121927,9.613326467320519,23.59900523298633,23.193334672880862,23.89156203624332,185.46552169511642,184.30770285322595,186.6833373684646
4,23.338056895226114,23.241755833807627,23.450110414132816,50.71697549754131,50.61114270941055,50.84226416178329,210.97635296260154,210.09558569349872,211.8172518966618
5,45.36802780858268,45.33368856824674,45.45857791494792,69.06519772701617,68.91705833943838,69.22990310070215,277.56412002670754,276.40090137857896,278.9175994658497
8,127.86115337657483,127.67784037443938,127.97259027100068,164.41175356549803,163.98918099473198,164.89947719932118,364.864449238967,363.9575332348597,365.67189807976365
16,631.9974053918763,630.5943769720783,634.117961205346,663.82156895873,608.9343639517663,684.2256402276,882.673648246476,880.5187023299551,885.2058986456484
32,2745.604342979343,2733.882221204255,2755.327066196631,2424.5398969497583,2422.7844615775653,2425.665479115479,2867.431290847727,2862.8613304608957,2879.1905179193345
64,17543.03432206594,17378.64912280702,17669.562753036436,14747.730784813924,14732.373598480488,14759.246031746032,12266.27068329904,12250.220156695157,12279.630177029401
