D,la_stack,la_lo,la_hi,nalgebra,na_lo,na_hi,faer,fa_lo,fa_hi
2,2.037651477878824,2.0346997736893258,2.0427005446466064,4.408719385146851,4.406157360418258,4.415787344859454,137.40811464018276,136.85514251034644,137.97537011339904
3,14.7874832244588,14.784506910720957,14.790036170813707,23.140252020471177,23.038472624703395,23.242653802138825,180.3390490567066,179.35001810282404,182.22390463547234
4,27.731042509384245,27.71889134133363,27.736480851849876,54.408311933014545,54.35013841684026,54.44392889563674,207.0081546805436,206.31394296839213,207.29906981605353
5,47.459826981738715,47.410554289597826,47.49900055968658,72.27539137107084,72.0808154480417,72.3410021617056,270.9190971027874,270.2400361792163,271.69984737941905
8,134.75100822563982,134.49747209346063,134.96822196280968,162.78079562052028,159.55810152560394,163.83372508839602,362.4146563238653,361.6504420621884,362.8151769839987
16,600.7848893747553,595.464929628293,604.7204276002386,584.9911111737636,584.7521263844965,585.4055654233274,851.457813119802,847.5828397968033,854.4157447168575
32,2646.4749637644522,2643.406771495741,2650.7843329350853,2752.1571514503767,2748.952370048088,2757.0190907444576,2818.0741260796817,2810.289602855868,2820.6140939132843
64,17319.65034064473,17265.075752334833,17387.991525423728,13811.397812713603,13783.757618743539,13851.497443609023,12383.8183538188,12365.916313559323,12395.625
