D,la_stack,la_lo,la_hi,nalgebra,na_lo,na_hi,faer,fa_lo,fa_hi
2,2.0426140654904827,2.0391714186102856,2.0478594146918607,18.27778331516731,18.25588547829167,18.353343071154377,159.2814967810837,158.47282250661482,159.94929876504062
3,13.449391348041551,13.441149735016948,13.468703234496012,23.33714807833139,23.197918644389595,23.432750888142905,196.59112056791784,195.46791977222858,197.64819469379614
4,27.80669858961578,27.79483103644443,27.82507517021301,54.198756567150525,54.1371885181747,54.25850823046414,226.2216645280771,225.69147147746128,226.77489608417022
5,46.075071909216696,46.0009302878795,46.22542128093703,73.54836237475409,73.15376033523773,73.65083570024034,290.9144674933806,290.3368842481312,292.2770703780476
8,138.18689626060086,137.6385886896043,138.71964020251693,177.4526788255892,176.72965942802895,177.76610014816572,379.88559054369557,378.0171460866489,381.43214918535807
16,626.0776434176701,622.7027039893363,627.8191979162416,594.0545445505171,590.9848069960763,596.1921326044237,897.0439411793589,892.3923679060665,903.3721630306105
32,2684.695543866568,2682.287244245524,2692.145801224854,2502.0311961897173,2498.0753625161688,2507.013007391502,2909.4663798139577,2905.3646097654746,2914.4703556771547
64,16721.57637997433,16681.169824561402,16765.606725146197,14875.769757096798,14835.11001141987,14911.022279129322,12493.628154592803,12481.801167582416,12502.518368055556
