phase,benchmark_id,sample_count,mean_ns,mean_ci_lower_ns,mean_ci_upper_ns,median_ns,median_ci_lower_ns,median_ci_upper_ns,confidence_level
baseline,d16/delaunay_scaled_norm,100,10.417475887218266,10.374427178651713,10.469299012112142,10.38207506282761,10.35543221087632,10.413645510422295,0.95
baseline,d16/faer_det_from_ldlt,100,4.3469355351106085,4.320074990297426,4.3751497295343444,4.312750308986957,4.265186631489817,4.374237531514536,0.95
baseline,d16/faer_det_from_lu,100,4.758521834556962,4.726418712191502,4.792341146280208,4.757082023372915,4.671861282890748,4.808185988934918,0.95
baseline,d16/faer_det_via_lu,100,671.2463516363882,667.8436638321087,674.6504945443444,671.628704646185,665.5611022272783,677.1629375428963,0.95
baseline,d16/faer_dot_native,100,3.2946914845900994,3.2901160476316162,3.2998804360448117,3.2925578685885055,3.2864943265647324,3.2982809563299242,0.95
baseline,d16/faer_inf_norm,100,32.59951158318898,32.54691533460005,32.6553949883153,32.6629634947095,32.48680583418177,32.7108896184853,0.95
baseline,d16/faer_ldlt,100,428.64730307149,427.25759267478145,430.04277239425244,428.15073922457987,426.1369556115768,430.767227237212,0.95
baseline,d16/faer_ldlt_solve,100,626.3573719931959,624.8012725322253,628.0627963048279,626.0651040751543,624.8883984012887,627.1405832353256,0.95
baseline,d16/faer_lu,100,643.2433893700411,640.4292006158604,646.123834752141,641.7734823377252,639.3541304428741,645.6600402094592,0.95
baseline,d16/faer_lu_solve,100,905.7676851876499,903.3428909810007,908.3825793017039,903.140053398982,900.3068397120121,905.2987334534953,0.95
baseline,d16/faer_norm2_sq,100,4.0581608986134565,4.053633677536744,4.0626865649751815,4.061418910165671,4.057867207206463,4.063361062506324,0.95
baseline,d16/faer_norm_l2,100,19.64197620005565,19.558864503190378,19.736390769485716,19.512559621658163,19.483844428950857,19.578376021687426,0.95
baseline,d16/faer_solve_from_ldlt,100,182.23005868621942,181.78169340173395,182.7066618833016,181.70095034620658,181.44538356380463,182.20675387148222,0.95
baseline,d16/faer_solve_from_lu,100,261.2119456649973,259.7699679009463,262.7026806820103,258.7507552837898,255.7202506995387,262.4975472031057,0.95
baseline,d16/iterative_f64_hypot,100,52.25955375006112,51.76841553543191,52.821223769969876,51.3083376439492,51.29612063430919,51.31785204303364,0.95
baseline,d16/la_stack_det,100,434.91988073750355,432.72259342538285,437.28621071696205,433.3406678445973,430.973731884058,435.38348741418764,0.95
baseline,d16/la_stack_det_from_ldlt,100,2.8811837342068594,2.8744535362168544,2.8888149472989344,2.8806776055144336,2.875427923290627,2.8841543768439752,0.95
baseline,d16/la_stack_det_from_lu,100,3.2843009239718963,3.273603733360911,3.300238372673016,3.2763865769638247,3.270044493644869,3.2825737845844216,0.95
baseline,d16/la_stack_det_via_lu,100,406.6463906828061,404.64456021779046,408.8381983571841,403.0988278008299,402.14042726795117,404.9911825726141,0.95
baseline,d16/la_stack_dot,100,2.336413145378541,2.3308155123057896,2.342807753839651,2.32856822282391,2.3236962534881798,2.335283027809732,0.95
baseline,d16/la_stack_inf_norm,100,32.19446364846091,32.13411881914991,32.25425526079304,32.24787874940725,32.17761679960931,32.29515190662431,0.95
baseline,d16/la_stack_ldlt,100,384.3994013083504,383.5413225655956,385.35837497427025,383.3964008537058,382.42033372138144,383.9275115964833,0.95
baseline,d16/la_stack_ldlt_solve,100,425.3757332799403,424.8476263834726,425.9331455719121,425.3746801911958,424.94756970145573,425.8154739209009,0.95
baseline,d16/la_stack_lu,100,395.1824833219339,393.93534147970405,396.5554304584479,393.7731542611066,392.7855137241419,394.9719213798636,0.95
baseline,d16/la_stack_lu_solve,100,642.6996891047229,640.9560761119145,644.645918477699,640.8175336496852,639.3896331978524,641.452487730252,0.95
baseline,d16/la_stack_norm2_sq,100,2.058466784153448,2.0541839563498567,2.0625997841364017,2.063000931581313,2.0585849830533745,2.0654378654830685,0.95
baseline,d16/la_stack_solve_from_ldlt,100,27.772205713843505,27.744027217406177,27.801945050202423,27.74973351728987,27.716402195047927,27.791723998444603,0.95
baseline,d16/la_stack_solve_from_lu,100,190.56455421217993,189.3781290322276,191.88157471652417,187.96262283493763,187.58889885483666,188.61136663524977,0.95
baseline,d16/nalgebra_cholesky,100,397.4180159552681,396.5023017802842,398.4579608305587,396.9967265057837,396.61820885279656,397.5952895649853,0.95
baseline,d16/nalgebra_cholesky_solve,100,608.533909860143,606.6756869100828,610.7213806021009,607.4326689889276,606.5962095915602,608.8431751375567,0.95
baseline,d16/nalgebra_det_from_cholesky,100,1.6819286515264893,1.6767980145429948,1.6871627489596714,1.6869694530351844,1.6820282940336735,1.691833066370803,0.95
baseline,d16/nalgebra_det_from_lu,100,1.7732255639612253,1.7643432227192395,1.7823716371677432,1.766546064259014,1.7584242199581148,1.7734081843208913,0.95
baseline,d16/nalgebra_det_via_lu,100,448.58680705749117,447.7575067363704,449.3938294622854,449.4561034438153,448.40147721045486,450.3217221319177,0.95
baseline,d16/nalgebra_dot,100,1.8607524958653157,1.8569338108426903,1.8646678974762771,1.8602276927511512,1.8592289616619428,1.860930162217945,0.95
baseline,d16/nalgebra_inf_norm,100,31.34992142755309,31.31074716750352,31.392431992102487,31.353979063243642,31.335346507565713,31.379620025715106,0.95
baseline,d16/nalgebra_lu,100,454.2665123588504,453.5603905983032,455.0266374262889,453.80245729277374,452.9381517888407,454.1445917932735,0.95
baseline,d16/nalgebra_lu_solve,100,569.4667514879011,568.4065742091103,570.5566900458234,569.4458712557102,568.9098484848485,569.9060010943388,0.95
baseline,d16/nalgebra_norm,100,1.5961999317242423,1.5921770701216604,1.6006862076995303,1.5928659947807657,1.5873881379211365,1.5942739457275321,0.95
baseline,d16/nalgebra_norm_squared,100,1.4762011241141872,1.474209955052152,1.4782982431202705,1.4771868874299177,1.4761062369740032,1.4780276761745883,0.95
baseline,d16/nalgebra_solve_from_cholesky,100,115.86677312477583,115.65766721737809,116.094141750232,116.06720734784034,115.68642951109564,116.22006269896731,0.95
baseline,d16/nalgebra_solve_from_lu,100,92.17464670212759,91.9917781696586,92.36699966858508,92.24934771869499,92.11129332093321,92.34965026939773,0.95
baseline,d2/delaunay_scaled_norm,100,1.236210798930626,1.233415505411079,1.2391914590147952,1.236581835099707,1.2340266566028177,1.2379444975666487,0.95
baseline,d2/faer_det_from_ldlt,100,0.5519276334566036,0.5502585682236006,0.5537126717764276,0.5485047762006635,0.5477026978008944,0.5504449634487478,0.95
baseline,d2/faer_det_from_lu,100,0.7533553846916005,0.7478377469617464,0.7596675648657162,0.7432466239490834,0.7431845690490781,0.7434227688924671,0.95
baseline,d2/faer_det_via_lu,100,135.55614677248602,133.57092427300532,137.71157065406442,131.68361099747773,131.10937944410747,132.03241713110734,0.95
baseline,d2/faer_dot_native,100,2.595818104035834,2.572532931536192,2.6198117060900317,2.502146929625926,2.489087121305878,2.683038093322199,0.95
baseline,d2/faer_inf_norm,100,0.6828974532250275,0.6797832670362977,0.6861859010988165,0.6721530623677812,0.6717768401580549,0.6726867144060416,0.95
baseline,d2/faer_ldlt,100,98.3439334459175,98.0208996778536,98.68276773169498,97.97341504582243,97.64644532655518,98.35525398680412,0.95
baseline,d2/faer_ldlt_solve,100,145.782899469564,145.06197831814015,146.50604882106114,145.8555382031095,143.473177053984,147.26974942140896,0.95
baseline,d2/faer_lu,100,123.08118999896455,122.03525493685353,124.17988820383604,120.85079986178687,120.03323306309831,121.7131579520799,0.95
baseline,d2/faer_lu_solve,100,182.89347321546978,182.34074480316477,183.51918773542286,182.53202843068811,182.06757130922546,183.01508533237856,0.95
baseline,d2/faer_norm2_sq,100,4.078357182523085,4.066264965606266,4.0917278262492465,4.055277772983192,4.05275189150907,4.058480837752264,0.95
baseline,d2/faer_norm_l2,100,5.5188819902436,5.445615702767088,5.593095602342489,5.514531735831568,5.420923716733103,5.605929420320704,0.95
baseline,d2/faer_solve_from_ldlt,100,44.64384346207491,44.25398776517769,45.07553900591245,43.96454034330141,43.73478311531409,44.19207267658595,0.95
baseline,d2/faer_solve_from_lu,100,54.87304780188503,54.68903972828382,55.0663329292458,54.80421144756742,54.6129027585028,54.87025062943465,0.95
baseline,d2/iterative_f64_hypot,100,2.3478798872512643,2.307976083649161,2.388796804328237,2.202377908964832,2.1973158796415926,2.272463099182789,0.95
baseline,d2/la_stack_det,100,0.5739596127967669,0.5736074230698368,0.5745036831637719,0.5739273915299211,0.5737198515886803,0.5740274980375597,0.95
baseline,d2/la_stack_det_from_ldlt,100,0.5020025603206307,0.49937782772454087,0.504921388994688,0.49605866835964646,0.4959675384816711,0.49618662196432084,0.95
baseline,d2/la_stack_det_from_lu,100,0.5228116651658896,0.5221912462607772,0.5234465294650839,0.5209324802133135,0.5203740398553962,0.5246209412353151,0.95
baseline,d2/la_stack_det_via_lu,100,1.7628343270443692,1.7583214879187987,1.7670943945123272,1.7679449006571393,1.7671939097260814,1.7688273448767438,0.95
baseline,d2/la_stack_dot,100,0.6136417903504011,0.611700744457083,0.6156333174820264,0.613527600443982,0.6127654377432821,0.6140270708807744,0.95
baseline,d2/la_stack_inf_norm,100,0.6243546005549312,0.6233269925545921,0.6256483684217803,0.6228706614371607,0.622521405598159,0.6232262286020255,0.95
baseline,d2/la_stack_ldlt,100,6.4722799187981535,6.45815735926964,6.490917606656688,6.467917404489176,6.463056655902873,6.475095909642831,0.95
baseline,d2/la_stack_ldlt_solve,100,9.392475780164661,9.345347048813851,9.452587085862648,9.326728242481016,9.315659127590472,9.333592106152851,0.95
baseline,d2/la_stack_lu,100,1.5566833406843132,1.5536860294782795,1.5595728992601898,1.5601441095260733,1.5581005650018285,1.5620621774871468,0.95
baseline,d2/la_stack_lu_solve,100,2.062327389146348,2.051268454956453,2.074073567834016,2.031409297480675,2.0302198287717603,2.0345467303122184,0.95
baseline,d2/la_stack_norm2_sq,100,0.395829779206593,0.39481124001002516,0.3969768329240359,0.3950409205290601,0.394879579797198,0.39537735031682,0.95
baseline,d2/la_stack_solve_from_ldlt,100,1.2060303284448306,1.1961338728385824,1.2155458527589178,1.2190136869369586,1.2025643334946778,1.2355617067423554,0.95
baseline,d2/la_stack_solve_from_lu,100,1.250905606602393,1.2479515409302138,1.2541526597343897,1.2453167718999847,1.2426647173570333,1.2489582164418285,0.95
baseline,d2/nalgebra_cholesky,100,1.7035858575970346,1.7011538484197526,1.706201679636906,1.703673051936607,1.70210459040074,1.7063749118829425,0.95
baseline,d2/nalgebra_cholesky_solve,100,2.5317739244974353,2.52184930139083,2.5436735318433974,2.51972035984115,2.516149021065984,2.5265791815742578,0.95
baseline,d2/nalgebra_det_from_cholesky,100,0.435623958697735,0.43478681151400805,0.43646590328291107,0.43621764800254126,0.4349573146324742,0.4370683730964601,0.95
baseline,d2/nalgebra_det_from_lu,100,0.4506568036364796,0.44952328836133615,0.45194911290264783,0.44852288390755124,0.4483276192218324,0.44907305991161456,0.95
baseline,d2/nalgebra_det_via_lu,100,0.8268624445031371,0.8246315112324291,0.8294120436446354,0.8245753018766044,0.8220953346895524,0.8265616606062666,0.95
baseline,d2/nalgebra_dot,100,0.5602218960215589,0.5595616219846061,0.5609469824723579,0.5606425778998259,0.5601794632929089,0.5609718270813127,0.95
baseline,d2/nalgebra_inf_norm,100,0.4996628249238132,0.49886992975693517,0.5005690941213791,0.4982717355551484,0.49814894563945694,0.49836580472015024,0.95
baseline,d2/nalgebra_lu,100,1.6082102428309863,1.6058316694136174,1.6106093952092202,1.6088793413144622,1.6055014356953712,1.611840229478437,0.95
baseline,d2/nalgebra_lu_solve,100,4.495822969818482,4.479176778689656,4.515032369754365,4.4787720282632115,4.471223731681299,4.488903340683946,0.95
baseline,d2/nalgebra_norm,100,0.49486653513797374,0.49411007269069296,0.4956445491033438,0.49481495575971174,0.49414234424631676,0.49543795461417867,0.95
baseline,d2/nalgebra_norm_squared,100,0.3882181365541804,0.38776522677495784,0.3887111703135428,0.3886802611068316,0.3882252164903363,0.3890655484100167,0.95
baseline,d2/nalgebra_solve_from_cholesky,100,1.244308239662325,1.239492252600095,1.249786577533368,1.2368166338341426,1.2348758039826044,1.2413110353601422,0.95
baseline,d2/nalgebra_solve_from_lu,100,2.867630268419893,2.8636855905539482,2.87181782328281,2.8650984215665636,2.8624578315899427,2.872719695961203,0.95
baseline,d3/delaunay_scaled_norm,100,1.750161109180815,1.7473977048702352,1.7530577585208795,1.752699757206758,1.7493297149824178,1.7550120867055317,0.95
baseline,d3/faer_det_from_ldlt,100,0.7423293769266407,0.7416182731048302,0.7432300285607399,0.7429406902916269,0.7421586514412614,0.7431684009292009,0.95
baseline,d3/faer_det_from_lu,100,0.9913127488786686,0.9901778528196276,0.9927141993274645,0.9908795673907953,0.990439840446541,0.9911801969327287,0.95
baseline,d3/faer_det_via_lu,100,172.56641107643568,169.37985613659734,175.84339733910258,162.8661068584128,161.84255350690262,164.18815092570892,0.95
baseline,d3/faer_dot_native,100,2.937859185989457,2.9044212192916805,2.971667642731076,2.972104300409015,2.967263666802655,2.9737072044585546,0.95
baseline,d3/faer_inf_norm,100,1.2541225569653875,1.2513879026909074,1.2571186057812795,1.2543560581510862,1.2485904067302944,1.2574672016871224,0.95
baseline,d3/faer_ldlt,100,108.9165322384862,108.38963682802394,109.47248943611366,108.22496781137824,107.80687397708674,109.0961018676262,0.95
baseline,d3/faer_ldlt_solve,100,155.71712204225128,155.22384463784158,156.25537386660935,155.3584554027743,154.6383401275217,155.90266889655413,0.95
baseline,d3/faer_lu,100,166.45798828289614,163.20093930806482,169.89002822965125,156.64884372337724,155.37278578448223,158.01224418140694,0.95
baseline,d3/faer_lu_solve,100,221.66472794445986,219.9587622687004,223.4432762342371,217.56680047835044,216.1785685588016,219.0290055716943,0.95
baseline,d3/faer_norm2_sq,100,4.091006645114607,4.085694023399089,4.096370045173409,4.091779680594993,4.087014853078861,4.095288000072761,0.95
baseline,d3/faer_norm_l2,100,5.931758969182319,5.886093998370566,5.977788236849495,5.925549915397632,5.84797861706615,6.02123897995774,0.95
baseline,d3/faer_solve_from_ldlt,100,46.352638063907314,45.87138635091703,46.84913199669809,45.82010383303406,45.41934618671291,46.51210628242306,0.95
baseline,d3/faer_solve_from_lu,100,62.69152087226169,60.84448302063916,64.58782016087729,56.68617356711995,56.484327764812235,56.979242838971345,0.95
baseline,d3/iterative_f64_hypot,100,3.2586765954666648,3.2499079564293107,3.267537917940882,3.254424402770945,3.248101951781245,3.265186935747645,0.95
baseline,d3/la_stack_det,100,1.3285972893913174,1.3258508013101336,1.331862393039634,1.3248260462690267,1.3241936110286718,1.325669453672313,0.95
baseline,d3/la_stack_det_from_ldlt,100,0.5960179801292316,0.59512258887296,0.5971246723827968,0.5947799228150503,0.5947221911678024,0.5949242118555222,0.95
baseline,d3/la_stack_det_from_lu,100,0.6963748799438075,0.6950866120653313,0.6978368265853888,0.6938290699475134,0.6937245554107127,0.693955281660387,0.95
baseline,d3/la_stack_det_via_lu,100,8.711527438237063,8.69388994938024,8.7298300149336,8.69872835734959,8.682048134421539,8.71959391827626,0.95
baseline,d3/la_stack_dot,100,0.6662908847228785,0.6649176536389523,0.6679147069724322,0.6646600626965735,0.6644987218999356,0.6649384155342027,0.95
baseline,d3/la_stack_inf_norm,100,1.3040133365411637,1.3016804844977037,1.3068603652742379,1.301873604920094,1.3012035317105675,1.3022769209393514,0.95
baseline,d3/la_stack_ldlt,100,13.365816447293973,13.331365161385657,13.40392596023791,13.365571137774044,13.32666856698679,13.388654282023392,0.95
baseline,d3/la_stack_ldlt_solve,100,12.77784178911875,12.682776216719498,12.877644389040508,12.539766048291,12.47990558126806,12.576982845534463,0.95
baseline,d3/la_stack_lu,100,8.287676741791886,8.269850628400713,8.306239653620512,8.275340394958992,8.262238939677848,8.302681989155797,0.95
baseline,d3/la_stack_lu_solve,100,10.104647429499098,10.066384381742175,10.145437585513116,10.088217111140551,10.041843004661228,10.159124028084907,0.95
baseline,d3/la_stack_norm2_sq,100,0.44409234125242997,0.4433613110042286,0.44483662700045523,0.444331028043923,0.4436284370678498,0.4449051787417072,0.95
baseline,d3/la_stack_solve_from_ldlt,100,1.7832112466099295,1.7811099816274125,1.7855611612598288,1.7797906835768509,1.7792510114171358,1.781121544963801,0.95
baseline,d3/la_stack_solve_from_lu,100,2.068404446965435,2.0623861247584494,2.074761171138555,2.053308509738102,2.0515242639054314,2.0560913182004255,0.95
baseline,d3/nalgebra_cholesky,100,3.8550182445196093,3.8483218627842586,3.861984884823517,3.854880152140328,3.8496021469670976,3.861444967723176,0.95
baseline,d3/nalgebra_cholesky_solve,100,5.610144970630155,5.584103961867068,5.640255415884389,5.57965224227463,5.5669118207312955,5.612654527210118,0.95
baseline,d3/nalgebra_det_from_cholesky,100,0.4882712888552312,0.48152647615876404,0.5010929225155558,0.4817481881254781,0.4812692610077103,0.4823436654238502,0.95
baseline,d3/nalgebra_det_from_lu,100,0.49208192220135444,0.48920319804134027,0.4951409492965499,0.48748885143063264,0.4866649180625239,0.4884768781028227,0.95
baseline,d3/nalgebra_det_via_lu,100,18.047927460550866,17.755827560213678,18.532874522372243,17.78206896534542,17.683878473352575,17.86672024251859,0.95
baseline,d3/nalgebra_dot,100,0.6849912293583036,0.6829828655539375,0.6871539489812194,0.6825432377424738,0.6817478159740775,0.6839707132327281,0.95
baseline,d3/nalgebra_inf_norm,100,1.1185735101118566,1.1145607207847628,1.1227040454519228,1.1111305491166579,1.1071917895656265,1.1131111255161568,0.95
baseline,d3/nalgebra_lu,100,14.821111831037182,14.768161396306041,14.876611272350761,14.751846435975526,14.71103012926266,14.778186260671214,0.95
baseline,d3/nalgebra_lu_solve,100,23.09211153580554,22.975861469778078,23.214687508231606,22.79479095228905,22.713611901221796,22.98916653289352,0.95
baseline,d3/nalgebra_norm,100,0.6846529941510916,0.6831257079623637,0.686497047298163,0.6839842650198276,0.6832046699527402,0.6852238739805452,0.95
baseline,d3/nalgebra_norm_squared,100,0.4383525741416584,0.43739790904463416,0.439449414857438,0.4370795023991086,0.4366720511388804,0.43740679552668504,0.95
baseline,d3/nalgebra_solve_from_cholesky,100,2.759363277226054,2.7484218366963478,2.77209042954754,2.749177076490213,2.7409270248937236,2.759600398374224,0.95
baseline,d3/nalgebra_solve_from_lu,100,4.486019912027611,4.4791577268718505,4.49300209795684,4.486517821056882,4.475278075910657,4.498855840625171,0.95
baseline,d32/delaunay_scaled_norm,100,24.529857287085875,24.478325943328194,24.592514184908794,24.51104172824909,24.459501159988893,24.547436687508174,0.95
baseline,d32/faer_det_from_ldlt,100,8.404159798906232,8.315670007787391,8.509577532497136,8.254119052774065,8.227621238393784,8.298089727688101,0.95
baseline,d32/faer_det_from_lu,100,8.61849448214076,8.59181060446196,8.645312735188107,8.637812637629882,8.592390748605395,8.658574581903267,0.95
baseline,d32/faer_det_via_lu,100,2324.0615190157723,2314.6444012571646,2334.1398202394694,2310.7510427515745,2304.895813098938,2316.1990997508237,0.95
baseline,d32/faer_dot_native,100,4.951879153180673,4.942287212748514,4.962748490207521,4.940159341901305,4.938883572520623,4.947278442500695,0.95
baseline,d32/faer_inf_norm,100,164.07286842522183,163.64890744120754,164.55135852368636,163.63962038379032,163.3993741492679,164.21209669997975,0.95
baseline,d32/faer_ldlt,100,1455.8472722744395,1453.2181997109444,1458.5310483509588,1454.7438107869143,1449.6722607631095,1458.0513655551765,0.95
baseline,d32/faer_ldlt_solve,100,1939.4823184021525,1937.035905364143,1942.135455382638,1938.3953822178478,1937.6810118562767,1940.7293257376919,0.95
baseline,d32/faer_lu,100,2267.6804713422,2261.797000704607,2274.119516551795,2261.2271180447083,2256.120443272006,2269.3012987012985,0.95
baseline,d32/faer_lu_solve,100,2926.266233681761,2918.1771528849486,2934.785201989108,2919.2900818850267,2913.423424369748,2925.1436105476673,0.95
baseline,d32/faer_norm2_sq,100,4.2157612896177685,4.210808328354203,4.221805106514484,4.211603473718856,4.210801060585807,4.212400350451281,0.95
baseline,d32/faer_norm_l2,100,27.544981060912168,27.367026864114266,27.724862984001675,27.159745158469647,26.95739717266136,28.071305048228126,0.95
baseline,d32/faer_solve_from_ldlt,100,467.3909785087201,466.7478003512543,468.05507641985986,466.93149123865453,466.2831394503417,467.56257876496534,0.95
baseline,d32/faer_solve_from_lu,100,632.9497733568282,631.3195048874355,634.7885522371843,631.029177893276,629.4646719674416,632.4718910642022,0.95
baseline,d32/iterative_f64_hypot,100,170.5429087455763,167.84922562063082,173.3081405042824,160.27642809302776,159.62723322675646,163.02517354042203,0.95
baseline,d32/la_stack_det,100,2183.42260155854,2177.9507228185034,2189.236956710946,2179.691354657688,2172.672076045311,2184.6388888888887,0.95
baseline,d32/la_stack_det_from_ldlt,100,7.737181691048175,7.715420074145149,7.761784896091903,7.715119845858209,7.699134030269933,7.737037425720983,0.95
baseline,d32/la_stack_det_from_lu,100,9.107103929120239,9.08113956545228,9.13462172396679,9.055764608360565,9.043475243210562,9.081814403015445,0.95
baseline,d32/la_stack_det_via_lu,100,2047.9076218899284,2044.594171399755,2051.4123920872717,2046.0624938536557,2041.3038606747048,2051.063637354255,0.95
baseline,d32/la_stack_dot,100,4.005594745792157,3.9990547983889573,4.0129766268542,4.005044008903182,4.0012220974534545,4.0083585622839255,0.95
baseline,d32/la_stack_inf_norm,100,126.90308223583301,126.64717179554845,127.1803101356457,126.96311798060728,126.86053717923132,127.1746112917999,0.95
baseline,d32/la_stack_ldlt,100,2443.086353329656,2437.550954851939,2449.231707354483,2435.52098889465,2429.6358198451794,2441.070978335717,0.95
baseline,d32/la_stack_ldlt_solve,100,2796.5724208753354,2784.24450594989,2809.8832354084416,2779.6149964463393,2770.8428694158074,2790.4230555555555,0.95
baseline,d32/la_stack_lu,100,2113.534584588985,2103.6599150823995,2124.230350441618,2111.0872659501733,2100.5552685950415,2123.7427206533016,0.95
baseline,d32/la_stack_lu_solve,100,2793.9508415451774,2783.7078597214468,2805.111292976623,2782.321466803124,2768.6283143939395,2798.484344777563,0.95
baseline,d32/la_stack_norm2_sq,100,3.9593506811979666,3.950753390222079,3.9691294097762695,3.9536483462889596,3.9507604826267237,3.955358586507939,0.95
baseline,d32/la_stack_solve_from_ldlt,100,309.3770540397471,308.1096661840626,310.7822810641639,307.53942374499667,306.9733917039245,307.84513160166335,0.95
baseline,d32/la_stack_solve_from_lu,100,664.8933619679057,661.249899792479,669.1505794446448,661.045446713948,659.9519652777777,662.2213866666667,0.95
baseline,d32/nalgebra_cholesky,100,2066.750766424077,2060.33773682606,2073.629098964109,2058.36521827155,2054.021433399978,2064.9730621576155,0.95
baseline,d32/nalgebra_cholesky_solve,100,2697.5550187490944,2689.8391969414306,2705.980714357074,2689.9108787607984,2685.7882037533514,2693.2391730253657,0.95
baseline,d32/nalgebra_det_from_cholesky,100,2.9572685449828824,2.953186532820127,2.9616341995688016,2.9575668764860588,2.9533704308656255,2.9612696377300076,0.95
baseline,d32/nalgebra_det_from_lu,100,3.0659822463030126,3.0592350297046886,3.073864110262808,3.063231073004194,3.058571115995306,3.0667491876998865,0.95
baseline,d32/nalgebra_det_via_lu,100,2199.4549024004864,2193.3968851834775,2205.9918754316495,2194.7460702161725,2188.8989397699074,2200.584173139512,0.95
baseline,d32/nalgebra_dot,100,4.7174268788148135,4.70747513471785,4.7284081043335435,4.7174753890800005,4.711161018144647,4.722795879206347,0.95
baseline,d32/nalgebra_inf_norm,100,157.11108624966437,155.73053878684428,158.49403829389834,158.53327140255777,154.91656977880257,159.5608448432649,0.95
baseline,d32/nalgebra_lu,100,2140.739334275078,2134.8702288936274,2147.0965119462235,2135.819073466625,2126.3990384615386,2142.12029677113,0.95
baseline,d32/nalgebra_lu_solve,100,2721.4875569719125,2714.333503231828,2729.5349579621557,2710.234582397889,2703.7424869037773,2717.3389959916017,0.95
baseline,d32/nalgebra_norm,100,3.9101125780203363,3.9007965920340006,3.920963599757572,3.9071822755022425,3.8998697642766933,3.9102493904496547,0.95
baseline,d32/nalgebra_norm_squared,100,3.7801886434610323,3.7724615497442793,3.7877674726171318,3.7842635532354545,3.7772728379042992,3.7883241613028007,0.95
baseline,d32/nalgebra_solve_from_cholesky,100,536.2401552398085,533.6066891304733,539.2279787353921,533.1921386679521,531.199725151041,534.3393500511133,0.95
baseline,d32/nalgebra_solve_from_lu,100,327.6707433822347,327.01782252853815,328.4118215176349,327.4233276786394,327.04018825645124,327.75330304914723,0.95
baseline,d4/delaunay_scaled_norm,100,2.399670708973643,2.3921996715929286,2.4082207735855614,2.3966188347732675,2.391592223030098,2.400629581064185,0.95
baseline,d4/faer_det_from_ldlt,100,0.9826246201220973,0.9803187666775859,0.9851464574960156,0.9804318751985073,0.97939547658448,0.9821959892591566,0.95
baseline,d4/faer_det_from_lu,100,1.239230955466436,1.2369150129789162,1.2418806018082666,1.237809172948956,1.2364530940897243,1.238467637320522,0.95
baseline,d4/faer_det_via_lu,100,181.01403607043608,180.0712557401763,182.10435028497267,179.46078924202118,179.00082239292504,180.9103182397153,0.95
baseline,d4/faer_dot_native,100,2.6715535373554484,2.6600276855049563,2.683669745651624,2.6374727019075666,2.6247867528100004,2.695178963668248,0.95
baseline,d4/faer_inf_norm,100,2.046070044230367,2.0439314054262687,2.0487763734721214,2.045069197727633,2.0444716629706225,2.0455664219748027,0.95
baseline,d4/faer_ldlt,100,126.40850208150405,126.12550791390947,126.69099970269271,126.390939419908,126.10741358337755,126.85194721964729,0.95
baseline,d4/faer_ldlt_solve,100,173.40713709779374,172.86268623070066,173.97464412442142,172.5801836169029,172.35986604196796,173.1986416106542,0.95
baseline,d4/faer_lu,100,176.77204945606573,175.68584982625987,177.95680140082976,175.537450709913,174.26180812893358,176.3296398386302,0.95
baseline,d4/faer_lu_solve,100,248.44282971821883,245.79196397522307,251.22606570985192,241.52526920712,239.31700735578784,243.22749256395002,0.95
baseline,d4/faer_norm2_sq,100,4.136002612806061,4.132161383037027,4.1402714240734735,4.137783381158898,4.136209725648678,4.139462799318036,0.95
baseline,d4/faer_norm_l2,100,13.874876552113845,13.822774070486087,13.93017583006199,13.879420133193047,13.80308947003747,13.921256449509555,0.95
baseline,d4/faer_solve_from_ldlt,100,44.967396760234706,44.769896654102276,45.17754120465734,44.82291023042963,44.57307343686149,44.949929161016485,0.95
baseline,d4/faer_solve_from_lu,100,61.85596915246217,61.12307039207172,62.61650172254662,59.876878630833765,59.475495314144965,60.22607996292207,0.95
baseline,d4/iterative_f64_hypot,100,5.433425848599435,5.418275017025367,5.450684682190387,5.430736956878281,5.418899834111014,5.4407949055021625,0.95
baseline,d4/la_stack_det,100,2.5467645397700958,2.540227082824392,2.553552656927978,2.5537463679528294,2.5519270947417345,2.555683558826972,0.95
baseline,d4/la_stack_det_from_ldlt,100,0.7681714491867778,0.7678127800815829,0.7686954769905305,0.7679683639564061,0.7678375366025257,0.7680860499373898,0.95
baseline,d4/la_stack_det_from_lu,100,0.8676277264499827,0.8670659131468257,0.8684389654891475,0.867210700210185,0.8670549715475353,0.8673766126381303,0.95
baseline,d4/la_stack_det_via_lu,100,14.411485964646623,14.376803863967712,14.442563630125983,14.448818945101834,14.429619465413968,14.47571409957581,0.95
baseline,d4/la_stack_dot,100,0.6811659026068848,0.6798127177198138,0.6827198570679541,0.6795957264719814,0.6794107352092228,0.6800319751796344,0.95
baseline,d4/la_stack_inf_norm,100,2.2291492857943562,2.224747407764926,2.234310047945247,2.2292751061255,2.225391410596478,2.230587981412558,0.95
baseline,d4/la_stack_ldlt,100,21.268810802474047,21.160268677505197,21.3911921801984,21.137642787347982,21.09816801844912,21.171484657471375,0.95
baseline,d4/la_stack_ldlt_solve,100,22.941680614699425,22.899401579857365,22.98331057044305,22.93150323597907,22.900540704307687,22.97316555017988,0.95
baseline,d4/la_stack_lu,100,13.94647574898939,13.924356191782746,13.966864754218147,13.977633449875297,13.942079264132545,13.993157900570505,0.95
baseline,d4/la_stack_lu_solve,100,21.988326693875003,21.932303231252437,22.052976673769116,21.92950721888731,21.90028578559025,21.96772262013432,0.95
baseline,d4/la_stack_norm2_sq,100,0.46116081771787415,0.45975159131021487,0.46272492134634363,0.46055136772730737,0.4593733621593291,0.4610255950178814,0.95
baseline,d4/la_stack_solve_from_ldlt,100,2.5090571378222792,2.49396713267376,2.5255515710854195,2.466343427709578,2.4649002744516775,2.469210798724158,0.95
baseline,d4/la_stack_solve_from_lu,100,3.9674308924806683,3.9610160010344133,3.9737660894827553,3.9733737740840294,3.9636710042761587,3.9772183465587223,0.95
baseline,d4/nalgebra_cholesky,100,7.467294914805713,7.445140156253455,7.493287492769935,7.470138006925852,7.447441229739445,7.481269589517012,0.95
baseline,d4/nalgebra_cholesky_solve,100,10.44036152418999,10.39151038004791,10.501022461379717,10.378239304933004,10.370538524252426,10.385190063997275,0.95
baseline,d4/nalgebra_det_from_cholesky,100,0.49434248596817204,0.4913924264478061,0.4974498437090022,0.4901527736640667,0.48919111688314537,0.49104120441711785,0.95
baseline,d4/nalgebra_det_from_lu,100,0.5853081326625731,0.5830083758240558,0.587734859278859,0.5813789572655239,0.5807165685605722,0.5816483012835133,0.95
baseline,d4/nalgebra_det_via_lu,100,30.01883904902533,29.95913604511082,30.083396296973984,30.000059894391974,29.96215892046709,30.044589670874757,0.95
baseline,d4/nalgebra_dot,100,0.6270319801361545,0.6256050238192301,0.628653356130069,0.6258106070284358,0.6248136542648987,0.6266340339694298,0.95
baseline,d4/nalgebra_inf_norm,100,1.956122515045959,1.951161490763146,1.9601886998155242,1.9611369334591018,1.9594062897261626,1.962954026640893,0.95
baseline,d4/nalgebra_lu,100,29.1407140728728,29.085730816297872,29.2026296478797,29.11351897608393,29.055764792996943,29.15906954005866,0.95
baseline,d4/nalgebra_lu_solve,100,51.62204137769297,51.42501855009974,51.82284021753105,51.73926857369151,51.47900780022614,51.91779016092275,0.95
baseline,d4/nalgebra_norm,100,0.6411304213121218,0.6389564841757249,0.6438056271298148,0.6386929097131409,0.6376423865991362,0.6404612525781493,0.95
baseline,d4/nalgebra_norm_squared,100,0.5045974238058539,0.5023272638560268,0.5071405094960857,0.5042594889801099,0.5006503899315753,0.5057861544461538,0.95
baseline,d4/nalgebra_solve_from_cholesky,100,5.312093604935163,5.281380970191955,5.348007245005562,5.262307110271493,5.248326403903518,5.276968860238254,0.95
baseline,d4/nalgebra_solve_from_lu,100,5.670320322926594,5.655226520120907,5.685497091186039,5.692715912911185,5.628398803993912,5.710440688749125,0.95
baseline,d5/delaunay_scaled_norm,100,3.059305781712364,3.050092799662158,3.069310668031259,3.0608343091646604,3.0506850315438863,3.0673266694714534,0.95
baseline,d5/faer_det_from_ldlt,100,1.2196755960414405,1.2162897040051301,1.22334468877329,1.2190249196316412,1.2168381801729677,1.2214995883916588,0.95
baseline,d5/faer_det_from_lu,100,1.4783243052438795,1.473299494121114,1.4861073839760335,1.4770256550268943,1.4751936389856528,1.4797912596850908,0.95
baseline,d5/faer_det_via_lu,100,230.43645149227416,227.39123967789777,233.67592534666014,223.2819380094337,221.9447913467211,224.8924909959958,0.95
baseline,d5/faer_dot_native,100,2.8284212451517483,2.807736599628324,2.8494656405194907,2.765179710496594,2.7579389823434375,2.836333917661378,0.95
baseline,d5/faer_inf_norm,100,3.158061229552098,3.1547222143443836,3.161604290585087,3.159045138039619,3.15767787044787,3.1606941315928827,0.95
baseline,d5/faer_ldlt,100,144.74196424636978,144.21417665808514,145.29442682242413,144.03046440227303,143.60505960867613,144.57351766832062,0.95
baseline,d5/faer_ldlt_solve,100,234.70797668415295,231.26605606862168,238.15653081715467,234.29381594515309,231.2199383949384,245.99130708001675,0.95
baseline,d5/faer_lu,100,222.86447077711307,219.7894634437068,226.06910405078693,217.68227899454712,214.5903155983801,219.9681050132663,0.95
baseline,d5/faer_lu_solve,100,356.6929798292104,348.04540182662515,365.55405798288535,326.84830597342926,324.0143975251199,361.58151429914557,0.95
baseline,d5/faer_norm2_sq,100,4.130954485603865,4.125495986682615,4.13781808462883,4.127840283782909,4.125384730273367,4.131053480439033,0.95
baseline,d5/faer_norm_l2,100,14.383485809043071,14.306911519866802,14.464481514971508,14.317726458445534,14.23910557494516,14.395529063381058,0.95
baseline,d5/faer_solve_from_ldlt,100,85.47540696630296,79.2068421658364,91.88862190954988,63.4258308050956,63.27379057924889,63.647973689794185,0.95
baseline,d5/faer_solve_from_lu,100,93.4936042389602,92.54021931331191,94.44537004992762,93.5903394889358,91.59394964056631,94.99906308395661,0.95
baseline,d5/iterative_f64_hypot,100,8.146056269537178,8.128019224864648,8.164079077521315,8.16259285529635,8.14834976752699,8.174736964299571,0.95
baseline,d5/la_stack_det,100,39.47990262958914,39.38622183365855,39.57923940244671,39.40608349392491,39.331896586305106,39.57609175275173,0.95
baseline,d5/la_stack_det_from_ldlt,100,0.9463485229393993,0.9453453216932153,0.9475594520916046,0.945998499387006,0.945682435085262,0.9462631978268021,0.95
baseline,d5/la_stack_det_from_lu,100,1.1022807491342284,1.100991371295518,1.103925565405003,1.1015983796470554,1.101183127274346,1.1021064106416207,0.95
baseline,d5/la_stack_det_via_lu,100,44.810532233799876,41.21775024808369,48.44785587538459,32.12765795261888,32.03899354738037,32.281886790833774,0.95
baseline,d5/la_stack_dot,100,0.7942864291331091,0.7903444694616747,0.7982258494597455,0.7993681643595631,0.7983484535498173,0.7997831421671451,0.95
baseline,d5/la_stack_inf_norm,100,3.3994097413934043,3.3947227543083436,3.4042115086176628,3.40520802972686,3.400891385213406,3.4074695098138945,0.95
baseline,d5/la_stack_ldlt,100,40.62475264269503,40.43948685056485,40.83696310775769,40.470410957484475,40.36550055366444,40.600816328813295,0.95
baseline,d5/la_stack_ldlt_solve,100,55.25320110426328,53.95713728013855,56.6489575478474,52.33981344478012,51.943685420419,52.54191533734165,0.95
baseline,d5/la_stack_lu,100,32.11745589296096,32.010612428887654,32.23005846955458,32.01409361038918,31.93349734133077,32.05575736145043,0.95
baseline,d5/la_stack_lu_solve,100,57.921040535265405,53.82856294994825,62.19635963656261,44.3075005748926,43.90222582203988,44.79851453088318,0.95
baseline,d5/la_stack_norm2_sq,100,0.5247607484186609,0.5242960537493687,0.5253422130440236,0.5241240507429435,0.5239672624657215,0.5245614023444378,0.95
baseline,d5/la_stack_solve_from_ldlt,100,3.8879495191644495,3.8797918248334256,3.896608909325678,3.8811172441569823,3.8725555178656603,3.88765459281503,0.95
baseline,d5/la_stack_solve_from_lu,100,6.016741243371613,6.004449502416999,6.031427804453652,6.00700162965505,6.001064013226627,6.012031768250008,0.95
baseline,d5/nalgebra_cholesky,100,25.68336407128611,25.203599850741057,26.157194386340656,26.101170756467255,25.119010115582,26.503605799574927,0.95
baseline,d5/nalgebra_cholesky_solve,100,42.39326253796646,41.52676969553603,43.3653498995818,40.35144779692335,40.305128310577395,40.39786251464602,0.95
baseline,d5/nalgebra_det_from_cholesky,100,0.5792197542937748,0.5775267042298566,0.5809283588463652,0.5793788960394208,0.5787016756266163,0.5804396922460944,0.95
baseline,d5/nalgebra_det_from_lu,100,0.6641716773947103,0.6600486266745745,0.6687803624379107,0.6542780582691968,0.653837969806359,0.6552444757609046,0.95
baseline,d5/nalgebra_det_via_lu,100,54.767863508911944,54.67874505492917,54.85809735954635,54.75571810725266,54.65296924599508,54.897429070927785,0.95
baseline,d5/nalgebra_dot,100,0.7504496300827277,0.7460974005504986,0.7549304445702828,0.7372784981706194,0.7326144987663907,0.7613788156414177,0.95
baseline,d5/nalgebra_inf_norm,100,3.1625413704918115,3.1567612140327843,3.168152320412406,3.1673625039640854,3.1642272055221903,3.172139539726644,0.95
baseline,d5/nalgebra_lu,100,55.06662609500352,54.95364241445004,55.18194077931638,55.05506793569608,54.939011361822146,55.15979818515397,0.95
baseline,d5/nalgebra_lu_solve,100,72.68086559798051,71.04207979773082,74.47069203080767,69.0025585241594,68.86491194918514,69.16905109997215,0.95
baseline,d5/nalgebra_norm,100,0.7589806036731747,0.757698332414917,0.7603612179515189,0.759365256885302,0.7584044521818387,0.7599739226658506,0.95
baseline,d5/nalgebra_norm_squared,100,0.5636749636630933,0.5632396547764389,0.5642456676811949,0.5635896888189239,0.5633349610264256,0.5637115816370926,0.95
baseline,d5/nalgebra_solve_from_cholesky,100,8.888439280566196,8.864129094562209,8.91762000143338,8.854477908301536,8.845236263909241,8.864810105513667,0.95
baseline,d5/nalgebra_solve_from_lu,100,8.818487185585504,8.802364471244948,8.835072922306562,8.815281644877496,8.80574205518534,8.838854561875502,0.95
baseline,d64/delaunay_scaled_norm,100,47.29827841727225,46.9846079818715,47.62780527084714,47.02377056876857,46.4444124657938,47.84346634259915,0.95
baseline,d64/faer_det_from_ldlt,100,20.313892228753335,20.216104296427588,20.433966948987567,20.20228804494569,20.150360948167666,20.259886966535355,0.95
baseline,d64/faer_det_from_lu,100,21.225101440010484,21.134949145848275,21.336598052026815,21.115244063421947,21.091019064312448,21.1613604740265,0.95
baseline,d64/faer_det_via_lu,100,10561.570646307058,10541.459219044507,10584.041493966679,10554.939784243217,10546.162218045112,10562.82456140351,0.95
baseline,d64/faer_dot_native,100,8.335283039949044,8.31466571207252,8.358971444805423,8.303418843198086,8.296584960128259,8.306347293581153,0.95
baseline,d64/faer_inf_norm,100,1538.1298376525526,1535.2710864436262,1540.9074245145182,1539.8378636835646,1535.3455770484677,1543.1198646806854,0.95
baseline,d64/faer_ldlt,100,8801.82014357323,8790.887233515736,8813.545668481058,8809.085778443576,8787.935113610785,8815.610759938194,0.95
baseline,d64/faer_ldlt_solve,100,10154.555776011699,10133.747004695266,10178.972600754154,10147.293425804055,10130.908397841895,10156.142857142857,0.95
baseline,d64/faer_lu,100,10420.4636829647,10397.318790690553,10447.668706007202,10410.0506840796,10395.8069760101,10431.587258454107,0.95
baseline,d64/faer_lu_solve,100,12103.518785588583,12086.445462116411,12120.094960459975,12108.782627752282,12092.033074648929,12120.978128313891,0.95
baseline,d64/faer_norm2_sq,100,6.188516549194564,6.1817983879815905,6.197412302505369,6.191843128619335,6.187453683614669,6.194414757315534,0.95
baseline,d64/faer_norm_l2,100,41.230603773884006,41.05142953342401,41.45181552328675,41.06962877704015,40.9434183819085,41.190242705058196,0.95
baseline,d64/faer_solve_from_ldlt,100,1267.795770624091,1264.7231376707032,1271.2272138797643,1264.6735002483326,1263.7592867246185,1266.3605380643012,0.95
baseline,d64/faer_solve_from_lu,100,1674.062098500166,1671.497035999547,1676.6539134191664,1674.5171623643846,1671.6792929292928,1677.1226979217042,0.95
baseline,d64/iterative_f64_hypot,100,460.03383425684666,457.63348723848384,462.37612022043,467.24489331201124,467.1209072489869,467.311236296242,0.95
baseline,d64/la_stack_det,100,15103.56762087606,15054.021704032142,15152.03102654723,15207.69527540361,15170.642301392301,15247.474747474747,0.95
baseline,d64/la_stack_det_from_ldlt,100,22.52324998308297,22.46006466137772,22.58071707516919,22.571496369881537,22.535721624350693,22.618762215789605,0.95
baseline,d64/la_stack_det_from_lu,100,22.987634081313715,22.923477972997652,23.05827403159569,22.98371432125439,22.949642913604933,23.023720654340735,0.95
baseline,d64/la_stack_det_via_lu,100,15081.012052903094,15015.878551065987,15142.913804522968,15205.365616884133,15174.982733391864,15233.227392449517,0.95
baseline,d64/la_stack_dot,100,10.679565393578212,10.64059215143797,10.725290946008757,10.667295877605513,10.632608020187991,10.6903019269308,0.95
baseline,d64/la_stack_inf_norm,100,614.7868679005405,612.6533816099796,617.3781798957438,612.67706166137,612.2382292039524,614.050907006032,0.95
baseline,d64/la_stack_ldlt,100,19624.105102051053,19576.166983925184,19675.94131110345,19636.022176659128,19598.41628959276,19652.870674288526,0.95
baseline,d64/la_stack_ldlt_solve,100,21917.162957923116,21859.20075273606,21979.745446418678,21849.512989267678,21787.99941520468,21901.756535947712,0.95
baseline,d64/la_stack_lu,100,15017.53931797962,14998.924482949209,15037.278879097325,15020.95056561086,14988.802871148459,15033.46310851927,0.95
baseline,d64/la_stack_lu_solve,100,17290.372474932858,17222.320029369406,17358.03302620136,17224.654903709925,17163.15221167673,17438.465935672517,0.95
baseline,d64/la_stack_norm2_sq,100,10.651354111055646,10.610804016746416,10.697152803009324,10.631014261815825,10.60027164012773,10.654554905395898,0.95
baseline,d64/la_stack_solve_from_ldlt,100,1458.2021854423415,1453.7236569068089,1463.8154721774195,1456.2225372793134,1452.6942392909896,1458.210241260463,0.95
baseline,d64/la_stack_solve_from_lu,100,2535.544234712632,2522.7099169631306,2550.451206479083,2516.262600961909,2512.1679488023165,2522.4009663797306,0.95
baseline,d64/nalgebra_cholesky,100,11493.192883100342,11469.878253100462,11519.565259733112,11475.384627998501,11460.926773455378,11503.222408026755,0.95
baseline,d64/nalgebra_cholesky_solve,100,12118.551419660276,12100.970079510069,12137.73385402073,12116.365725802745,12089.861920516192,12144.257486878667,0.95
baseline,d64/nalgebra_det_from_cholesky,100,8.241386273370722,8.221217745593226,8.262545382760052,8.249940396615429,8.22330499722943,8.27633120054741,0.95
baseline,d64/nalgebra_det_from_lu,100,8.521805550579444,8.499375581891004,8.543313905479902,8.536442509084106,8.511947977418235,8.552050555843072,0.95
baseline,d64/nalgebra_det_via_lu,100,13434.056373044348,13412.257711024857,13458.153805660593,13413.817640677491,13399.535013810404,13429.996992481203,0.95
baseline,d64/nalgebra_dot,100,8.913877327445476,8.899292311319922,8.928507379169838,8.92392904532326,8.907974795956473,8.933325085968718,0.95
baseline,d64/nalgebra_inf_norm,100,1094.8680192734917,1088.2384313941861,1102.4568105550945,1087.784251947252,1084.2400709526694,1089.311591928752,0.95
baseline,d64/nalgebra_lu,100,12976.720680840519,12947.558019368964,13008.792556462204,12926.12658877558,12913.189102564102,12940.517556534105,0.95
baseline,d64/nalgebra_lu_solve,100,14352.795146859136,14318.948727841667,14389.235387200357,14313.979335187058,14297.097222222223,14348.511153198653,0.95
baseline,d64/nalgebra_norm,100,7.5668951381133365,7.557088116824472,7.577249419153876,7.5729203386772985,7.562389242045517,7.576199459480035,0.95
baseline,d64/nalgebra_norm_squared,100,7.4554184189053965,7.443996162547655,7.468022548938956,7.4578412026441825,7.450259072767171,7.464919856559348,0.95
baseline,d64/nalgebra_solve_from_cholesky,100,1249.0380047998456,1244.3903503697265,1254.385211921089,1246.7030362260193,1242.615408133769,1248.617496993923,0.95
baseline,d64/nalgebra_solve_from_lu,100,795.4409230512227,793.7780574984387,797.1592987708259,793.315832947677,792.8642046133209,793.8954392041923,0.95
baseline,d8/delaunay_scaled_norm,100,5.251314547895496,5.234569346654188,5.270811197426597,5.237992721308114,5.225824256267386,5.2505654753739535,0.95
baseline,d8/faer_det_from_ldlt,100,1.976315344024613,1.9518739960287554,2.0070742412660905,1.9384033907082956,1.932811706411892,1.9413545659412752,0.95
baseline,d8/faer_det_from_lu,100,2.233924979119171,2.2128174788827275,2.2596179974956163,2.203885956236391,2.2019173139860415,2.2055803639884513,0.95
baseline,d8/faer_det_via_lu,100,293.1932375251413,292.3157892902726,294.0656086489961,294.0194295712087,292.08674362951575,294.74423111437136,0.95
baseline,d8/faer_dot_native,100,2.6441338221563826,2.637176896968933,2.6512680461506037,2.6425050473708547,2.634956310705547,2.6520939194157696,0.95
baseline,d8/faer_inf_norm,100,8.04638496816908,8.033522261633449,8.061779418438311,8.047428667640643,8.038237430057094,8.05307003674015,0.95
baseline,d8/faer_ldlt,100,215.48762040913465,214.90662905507583,216.0760852822629,215.18860561660563,214.538894634777,216.06437869822486,0.95
baseline,d8/faer_ldlt_solve,100,296.60251336473726,294.9934594729206,298.2203757987653,296.70276521178465,291.94465177890953,300.7367145820984,0.95
baseline,d8/faer_lu,100,275.82765493556826,274.8821195322635,276.7748293998451,275.81565750813945,273.37038569407247,277.33431767648693,0.95
baseline,d8/faer_lu_solve,100,401.8920081868432,399.40278195837743,404.4324521280376,401.4003419166195,396.02358647682604,407.0685093415357,0.95
baseline,d8/faer_norm2_sq,100,4.209942563470207,4.1956477591529655,4.2246068563599435,4.2061410588498775,4.173699778876633,4.226582380109274,0.95
baseline,d8/faer_norm_l2,100,16.10706599741056,16.058032962539045,16.15640258892435,16.10116869787211,16.046861099028263,16.161633979722968,0.95
baseline,d8/faer_solve_from_ldlt,100,71.20650706889825,71.04049877508051,71.38874245267064,71.06143350035465,70.84120475490315,71.13362820481917,0.95
baseline,d8/faer_solve_from_lu,100,99.22860270108822,98.94373693438773,99.51374072234114,99.48899736596803,99.02821439891063,99.62078574195593,0.95
baseline,d8/iterative_f64_hypot,100,18.884250209846368,18.81393669442806,18.968663276295917,18.828470726516088,18.779789298953975,18.865798713881816,0.95
baseline,d8/la_stack_det,100,91.09548977000495,90.7893715257033,91.41764993942806,90.71923503322327,90.46215167964226,90.9622360091573,0.95
baseline,d8/la_stack_det_from_ldlt,100,1.3118844143754267,1.3089776814524774,1.3150712442933696,1.308435840033225,1.3061941017349838,1.3114203797861312,0.95
baseline,d8/la_stack_det_from_ldlt_balanced_range,100,8.899669457466995,8.872848364388707,8.926511666558486,8.888345590954245,8.872147836567605,8.913674122024695,0.95
baseline,d8/la_stack_det_from_lu,100,1.4607665067929088,1.4587013478230597,1.4629473742177648,1.4598180622196517,1.4583592408232178,1.4628869833591596,0.95
baseline,d8/la_stack_det_from_lu_balanced_range,100,9.760830542658878,9.71027641925685,9.810889651812026,9.743603100715918,9.696002071212355,9.810770754847088,0.95
baseline,d8/la_stack_det_via_lu,100,84.46166402536709,84.20914665036634,84.7360200023806,84.1126985859081,83.88189430727093,84.38582891736803,0.95
baseline,d8/la_stack_dot,100,0.9403532672171698,0.9373454473901759,0.9439304774194069,0.9393722181840998,0.9372276078264564,0.9416959488074149,0.95
baseline,d8/la_stack_inf_norm,100,8.377454957386357,8.365276991237735,8.390009753317145,8.383052682821202,8.3669134392449,8.394493888634514,0.95
baseline,d8/la_stack_ldlt,100,91.09988212781231,90.66333355592117,91.53838612917907,90.68625213726995,89.68784665403446,92.30551049255547,0.95
baseline,d8/la_stack_ldlt_ill_conditioned,100,91.27329899368246,90.85897329782718,91.69140872425041,91.1598427473534,89.91517760525846,92.64207623504923,0.95
baseline,d8/la_stack_ldlt_solve,100,100.95958358948465,100.64807553436681,101.2758451668084,100.8861444627193,100.56537828947368,101.13264152352748,0.95
baseline,d8/la_stack_lu,100,82.15860770422522,81.94387899061861,82.38006047185073,82.16753007379688,81.98027203149698,82.44180015947649,0.95
baseline,d8/la_stack_lu_ill_conditioned,100,82.00670583380678,81.69580403288907,82.33446011554801,81.87717027486251,81.50384719860166,82.07037155139834,0.95
baseline,d8/la_stack_lu_pivoting,100,90.9690776595279,90.67512733983527,91.29648791632555,90.75693236714976,90.5796485260771,90.88937361111111,0.95
baseline,d8/la_stack_lu_solve,100,137.61292101539775,136.0478142180918,139.16396379423009,137.36038883699405,135.69560047895078,143.11210418485115,0.95
baseline,d8/la_stack_norm2_sq,100,0.6751845958168944,0.669460064723117,0.6823065393253076,0.6630025127348881,0.6623514399906698,0.670689702852506,0.95
baseline,d8/la_stack_solve_from_ldlt,100,8.077434173961286,8.064185965952369,8.092553307337077,8.07795182585953,8.071125255569184,8.0851973528909,0.95
baseline,d8/la_stack_solve_from_lu,100,13.39217580831289,13.300822897360044,13.53799146619626,13.324863047565813,13.303189665207153,13.339757410396965,0.95
baseline,d8/nalgebra_cholesky,100,98.20295651180214,97.76808098984232,98.71129976381631,97.69041945418724,97.25175370226033,98.13910612764201,0.95
baseline,d8/nalgebra_cholesky_solve,100,139.56099641972224,138.41123581920434,140.7109983280902,142.04424782382623,134.5263408362806,144.41083625415655,0.95
baseline,d8/nalgebra_det_from_cholesky,100,0.8788561864057141,0.8745908312589147,0.8832355824378265,0.8723459284164861,0.8632474784815944,0.8832586712324284,0.95
baseline,d8/nalgebra_det_from_lu,100,0.9758250884100497,0.9704659949010729,0.9809841438535388,0.9853597534351481,0.9824232725392966,0.9910489525270522,0.95
baseline,d8/nalgebra_det_via_lu,100,144.4191749445642,144.14007911793593,144.70686730062744,144.21997130210244,143.92196117644377,144.64664707311118,0.95
baseline,d8/nalgebra_dot,100,1.1173070435463444,1.116527028796019,1.1184476058421389,1.1173173909201215,1.117102926176363,1.1175329092884168,0.95
baseline,d8/nalgebra_inf_norm,100,7.97540392338305,7.963309837699601,7.987628416023831,7.984376175206871,7.965114129728516,7.996669691750529,0.95
baseline,d8/nalgebra_lu,100,144.36709386534167,143.92203551187126,144.83043223573193,144.0248023325081,143.6707151422229,144.46397985552076,0.95
baseline,d8/nalgebra_lu_solve,100,168.86944911334567,167.46664764322065,170.31372933103205,165.93327075645942,164.8158130758386,168.9136037004555,0.95
baseline,d8/nalgebra_norm,100,1.0493482452508216,1.0348699213970203,1.0624700312112312,1.0697679712765735,1.0677796518278944,1.0717116364958421,0.95
baseline,d8/nalgebra_norm_squared,100,0.689170555263054,0.687230475059272,0.6912301436514376,0.6834602776278907,0.682972898278925,0.684927905406009,0.95
baseline,d8/nalgebra_solve_from_cholesky,100,21.13249230834867,21.03596731512316,21.25450252438861,21.00395988003335,20.97584618728522,21.022343920380187,0.95
baseline,d8/nalgebra_solve_from_lu,100,15.96431553998279,15.929939457239374,16.00015121784687,15.952043012868877,15.929072854588167,15.996979269078821,0.95
baseline,exact_d2/det,100,0.4588392866841711,0.4530378178005241,0.4649112356289649,0.43847576051642734,0.43771116413319694,0.44014508325985335,0.95
baseline,exact_d2/det_direct,100,0.45997463122714977,0.454028068792735,0.46616706823525483,0.4389020864431492,0.4380179728642223,0.4427072597382428,0.95
baseline,exact_d2/det_direct_with_errbound,100,1.7083001879781616,1.7067871286490677,1.7103428099389302,1.707590361999432,1.7070745586021363,1.7081829879281933,0.95
baseline,exact_d2/det_errbound,100,1.6603284229914985,1.643247053909174,1.686030653092138,1.6517834250166323,1.6332174430567585,1.6587981067136037,0.95
baseline,exact_d2/det_exact,100,110.90537385735237,110.6038104779258,111.26404769418212,110.54949764112055,110.4165319475389,110.67008305854891,0.95
baseline,exact_d2/det_exact_f64_result,100,71.56612378490145,71.33570883601266,71.8536503288328,71.30418634861795,71.22932589901015,71.45005551093683,0.95
baseline,exact_d2/det_exact_rounded_f64,100,72.91648102209612,72.76384629749927,73.08635706173234,72.70349950837755,72.59951086170598,72.74977731468684,0.95
baseline,exact_d2/det_sign_exact,100,2.728144312502053,2.7232394799812454,2.73404826251118,2.7246048207347155,2.723521870369656,2.725285210808588,0.95
baseline,exact_d2/solve_exact,100,7054.969368063486,7044.809563054287,7065.211174722395,7056.953172846123,7048.471785248601,7067.765092544542,0.95
baseline,exact_d2/solve_exact_f64_result,100,8273.423228596615,8264.900530723253,8282.219351728932,8275.0384273637,8263.977615440115,8283.70412087912,0.95
baseline,exact_d2/solve_exact_rounded_f64,100,7477.146824714707,7469.0851113356,7485.112091009183,7483.854729782202,7465.414980750846,7492.640016564647,0.95
baseline,exact_d3/det,100,0.8249594979377731,0.8230638171337528,0.8270413744238723,0.8199098141277079,0.8197211574959417,0.8202812765941737,0.95
baseline,exact_d3/det_direct,100,0.8235149002354899,0.8217498850359183,0.8256719582085388,0.8196496853790022,0.819450016342423,0.8199153562751998,0.95
baseline,exact_d3/det_direct_with_errbound,100,3.351786980218337,3.3487027806950755,3.3559210138906073,3.351294461220312,3.349721136241599,3.3519037902029045,0.95
baseline,exact_d3/det_errbound,100,3.299084627653103,3.2967993736405043,3.3024955321927973,3.297382728745932,3.2966626351444424,3.2988260711232167,0.95
baseline,exact_d3/det_exact,100,370.88317011837796,370.18066920306046,371.63251625405405,370.6210303452962,369.86403420087237,371.50005831882476,0.95
baseline,exact_d3/det_exact_f64_result,100,339.17248454443353,338.34584337460757,340.07008553509723,338.5062526186821,337.96742945629734,339.2069127868093,0.95
baseline,exact_d3/det_exact_rounded_f64,100,340.7787889320448,339.94741734333627,341.65555709179455,340.13469534949354,338.8381139384934,341.2326068550284,0.95
baseline,exact_d3/det_sign_exact,100,4.71998213079706,4.710437436588219,4.731191013455751,4.707080172922456,4.703410948268171,4.708769129011382,0.95
baseline,exact_d3/solve_exact,100,30905.319783004932,30831.61798547033,30984.405395480462,30841.78669716028,30782.165945165943,30891.305627705628,0.95
baseline,exact_d3/solve_exact_f64_result,100,32801.03486379174,32757.181990056524,32844.56991456908,32798.86160990165,32755.004207025,32869.90811339198,0.95
baseline,exact_d3/solve_exact_rounded_f64,100,31478.142126400922,31410.94395901844,31545.96528194714,31458.35763888889,31348.545350609755,31602.896875,0.95
baseline,exact_d4/det,100,3.209103882817725,3.2049085972705686,3.214526742223024,3.2107365390289107,3.2073757625246007,3.21233074246595,0.95
baseline,exact_d4/det_direct,100,2.384046366546539,2.3801874730405155,2.388863702354106,2.381474667849078,2.3799999033543298,2.382708612464108,0.95
baseline,exact_d4/det_direct_with_errbound,100,6.819226276559658,6.807915812904829,6.832283416180191,6.808852637289467,6.8048633104768035,6.812232553558011,0.95
baseline,exact_d4/det_errbound,100,6.722335935514702,6.717373380874751,6.729297148452395,6.7250463620252106,6.720992575431982,6.726573551619592,0.95
baseline,exact_d4/det_exact,100,1216.9394803882176,1213.3919741493355,1220.691762893526,1215.8668534223154,1213.1349449204406,1219.8847409220725,0.95
baseline,exact_d4/det_exact_f64_result,100,1170.0736387558784,1166.221873404025,1173.9731145908638,1167.6428712048482,1161.2254407063178,1173.5005889281508,0.95
baseline,exact_d4/det_exact_rounded_f64,100,1178.1153599286736,1173.8804771448104,1182.6823042332271,1171.4858209981605,1169.1150100692432,1174.6918181526723,0.95
baseline,exact_d4/det_sign_exact,100,7.705737807471204,7.69612426732867,7.71581469027619,7.710156944765581,7.704916203751171,7.7126271970046645,0.95
baseline,exact_d4/solve_exact,100,80460.17924024795,80245.7126488253,80693.69953986515,80394.59314790671,80267.51219512195,80493.11221322537,0.95
baseline,exact_d4/solve_exact_f64_result,100,83515.87660053423,83325.14585930109,83723.63858136184,83385.52847222221,83236.68981481482,83625.90922619047,0.95
baseline,exact_d4/solve_exact_rounded_f64,100,81382.40060449918,81132.11652841879,81659.40299566783,81020.18544793621,80744.5815018315,81523.86633779264,0.95
baseline,exact_d5/det,100,24.754912636981388,24.708178590496114,24.803258543233042,24.706097978590183,24.655587555199386,24.791548754935597,0.95
baseline,exact_d5/det_exact,100,3537.0224821091692,3524.943384456219,3549.2003679120767,3535.3914879218037,3515.021289351497,3543.500972049533,0.95
baseline,exact_d5/det_exact_f64_result,100,3482.173978224554,3476.118138648899,3488.039018942074,3485.8665144577712,3476.122468282362,3495.0472987355784,0.95
baseline,exact_d5/det_exact_rounded_f64,100,3471.027892830491,3460.152949876379,3481.22917812033,3473.9049837486455,3463.680897503592,3483.547838756678,0.95
baseline,exact_d5/det_sign_exact,100,3587.5832181110636,3578.090261025698,3597.3998046740185,3580.47068425592,3569.2386709245743,3589.6393233692506,0.95
baseline,exact_d5/solve_exact,100,160583.8295274329,160088.06463243338,161129.5119818363,159876.9784053156,159632.96205357142,160238.92712355213,0.95
baseline,exact_d5/solve_exact_f64_result,100,163568.33920023488,163200.18804617348,163977.38449658235,163373.71251822723,162906.96709401708,163708.7142857143,0.95
baseline,exact_d5/solve_exact_rounded_f64,100,161679.9695285742,161332.23626986548,162077.18403335148,161497.72549019608,161195.44624447718,161731.3115079365,0.95
baseline,exact_hilbert_4x4/det_exact,100,1351.9318196621614,1341.7070446420291,1362.7450091027613,1343.9629729729731,1326.0616085491088,1349.5065170008718,0.95
baseline,exact_hilbert_4x4/det_sign_exact,100,7.7076244872023105,7.700210853348349,7.71597666806474,7.709975802354905,7.703320375722957,7.711681044267705,0.95
baseline,exact_hilbert_4x4/solve_exact,100,60218.462692003006,60106.72987535677,60328.64931475474,60212.50400223381,60125.52521008404,60288.124183006534,0.95
baseline,exact_hilbert_4x4/solve_exact_f64_result,100,63132.203151734044,62910.43126456011,63374.32465689583,62745.329296875,62653.01067073171,62890.50148809524,0.95
baseline,exact_hilbert_4x4/solve_exact_rounded_f64,100,61055.50815726734,60949.17570113125,61161.302086191885,61090.85716884478,60948.11294117647,61183.744241053064,0.95
baseline,exact_hilbert_5x5/det_exact,100,3675.431895868686,3666.531763112087,3684.488681636326,3678.9161175072823,3660.1433136369824,3687.5988028606967,0.95
baseline,exact_hilbert_5x5/det_sign_exact,100,3877.7141973721314,3866.79992851765,3888.7065911498103,3874.813731971154,3866.276392313465,3883.6263427734375,0.95
baseline,exact_hilbert_5x5/solve_exact,100,124821.0167260267,124588.36245552052,125056.5586401304,124693.28132387708,124443.84693548387,124966.275,0.95
baseline,exact_hilbert_5x5/solve_exact_f64_result,100,128665.11293294327,128054.3150877374,129342.8478360137,127731.9060075541,127443.08035714286,128189.74266154453,0.95
baseline,exact_hilbert_5x5/solve_exact_rounded_f64,100,126481.03600676611,126201.4014587931,126771.93221652582,126570.84456663764,126106.27380952382,126930.64945652174,0.95
baseline,exact_large_entries_3x3/det_exact,100,339.52793895759737,338.3788384363675,340.7544375788275,338.46964670112493,337.7445356125356,339.5196294569628,0.95
baseline,exact_large_entries_3x3/det_sign_exact,100,323.3939393378555,321.81010610027084,325.11643270153667,320.81136421991346,319.60410234571845,323.00216143144695,0.95
baseline,exact_large_entries_3x3/solve_exact,100,94021.50877729456,93869.73419628771,94178.98680969949,93994.31235047846,93805.53837072018,94257.29933481153,0.95
baseline,exact_large_entries_3x3/solve_exact_f64_result,100,94885.31238876122,94758.04181684103,95017.19726895978,94712.19405594406,94653.40909090909,94795.4663243733,0.95
baseline,exact_large_entries_3x3/solve_exact_rounded_f64,100,94551.6771792897,94404.82218243799,94704.5977938374,94493.95784163753,94433.55544922913,94605.49062168071,0.95
baseline,exact_near_singular_3x3/det_exact,100,342.3680465563537,341.4175651730294,343.4065789547439,341.96981679675184,341.18232136632975,342.76592927638586,0.95
baseline,exact_near_singular_3x3/det_sign_exact,100,398.0444391758523,395.8775152901023,400.1244211524398,398.2575514743394,394.77626794258373,401.150122914506,0.95
baseline,exact_near_singular_3x3/solve_exact,100,2612.0159759036187,2605.596644630547,2619.0594600440427,2604.670967959782,2599.2047933943322,2610.941017789443,0.95
baseline,exact_near_singular_3x3/solve_exact_f64_result,100,2709.879038410192,2702.395357526126,2718.1836333183887,2703.630049877204,2697.649796195652,2709.8011333510076,0.95
baseline,exact_near_singular_3x3/solve_exact_rounded_f64,100,2607.895342292855,2602.455237350324,2613.688950549314,2604.1845499181672,2597.253324468085,2611.2813367252543,0.95
baseline,exact_random_corpus_d2/det_exact,100,3118.216116468386,3115.663084354392,3121.039552995571,3119.59670900073,3116.117499039913,3122.630949298078,0.95
baseline,exact_random_corpus_d2/det_sign_exact,100,136.63603707115809,136.14960515045536,137.13386975341103,136.37221632196758,135.62830106889038,136.9651415513103,0.95
baseline,exact_random_corpus_d2/solve_exact,100,67709.92202368822,67514.64023515244,67918.50242422131,67472.58407407408,67329.50487804879,67587.88888888889,0.95
baseline,exact_random_corpus_d2/solve_exact_f64_result,100,78686.36048868227,78352.71288397095,79039.20526524463,78304.63800904978,77844.55630452023,78737.26863446631,0.95
baseline,exact_random_corpus_d2/solve_exact_rounded_f64,100,68675.52411842858,68520.26928586708,68838.12157617371,68555.18555555555,68410.07275471698,68680.15714285715,0.95
baseline,exact_random_corpus_d3/det_exact,100,8363.093286248817,8279.559399024358,8447.38965796527,8346.2073986195,8075.079751923844,8636.45081967213,0.95
baseline,exact_random_corpus_d3/det_sign_exact,100,225.19214860435227,224.95952723753143,225.53019832176582,225.1066786864951,224.97792444242148,225.2094284413811,0.95
baseline,exact_random_corpus_d3/solve_exact,100,214312.7598011514,214008.33207972205,214660.1467882057,214235.25767112512,213804.48615384614,214549.53333333333,0.95
baseline,exact_random_corpus_d3/solve_exact_f64_result,100,232029.80876150593,231019.2898427248,233135.33816064312,229915.88374999998,229519.60784313726,230509.14096334187,0.95
baseline,exact_random_corpus_d3/solve_exact_rounded_f64,100,218309.74327398872,217802.15816739644,218868.33167790246,217630.98739495798,217287.0088235294,217935.7142857143,0.95
baseline,exact_random_corpus_d4/det_exact,100,25309.27764112511,25258.111929085055,25365.242103133623,25256.29744318182,25208.91449244164,25295.91224021084,0.95
baseline,exact_random_corpus_d4/det_sign_exact,100,425.81791445239105,424.76187357423345,426.99363696194234,424.52204562697165,423.1255920750233,425.6456226052414,0.95
baseline,exact_random_corpus_d4/solve_exact,100,489730.19514601893,489017.2487844846,490501.03053617605,489451.64080744656,488840.649122807,490288.25136612024,0.95
baseline,exact_random_corpus_d4/solve_exact_f64_result,100,507806.00089630106,507154.51669837546,508502.3130812206,507754.3940476191,507048.99725274724,508511.2738095238,0.95
baseline,exact_random_corpus_d4/solve_exact_rounded_f64,100,491685.63437782874,490631.8290109176,492859.56275443116,491513.0259150086,490452.2676056338,491979.98039215687,0.95
baseline,exact_random_corpus_d5/det_exact,100,47495.06455948542,47379.382529470626,47611.557336582664,47405.791320311226,47335.99418767507,47504.00425170068,0.95
baseline,exact_random_corpus_d5/det_sign_exact,100,50335.17733088678,49759.93092972215,50919.63003137287,49538.7764628257,48757.71261042879,50884.692642881215,0.95
baseline,exact_random_corpus_d5/solve_exact,100,965121.3266125056,964056.0792050618,966178.1098548188,965824.6897901399,964445.0349893162,966729.1666666666,0.95
baseline,exact_random_corpus_d5/solve_exact_f64_result,100,987963.6123347994,986411.0778234303,989676.7943537231,987575.638843795,986287.682748538,989217.705,0.95
baseline,exact_random_corpus_d5/solve_exact_rounded_f64,100,969321.8416509356,967725.0133737603,971193.5350165456,966847.5522111162,965474.390625,968312.6141633064,0.95
baseline,lu_solve_dense_ill_conditioned_d16/faer_lu_solve,100,910.3880247594826,908.1092728703187,912.7323110695444,909.543275453828,907.4692420580111,912.8745818769497,0.95
baseline,lu_solve_dense_ill_conditioned_d16/faer_solve_from_lu,100,259.81167943885254,259.3197133334727,260.30687493915354,259.50949563582174,258.93154364128327,260.3203364646856,0.95
baseline,lu_solve_dense_ill_conditioned_d16/la_stack_lu_solve,100,660.7124081112684,656.9971411872828,664.553476798563,656.7384386226117,651.884334229283,664.671829678617,0.95
baseline,lu_solve_dense_ill_conditioned_d16/la_stack_solve_from_lu,100,187.29705071743635,186.73222117410594,187.9382118089668,186.91684515188078,186.45589089542295,187.3603088498084,0.95
baseline,lu_solve_dense_ill_conditioned_d16/nalgebra_lu_solve,100,621.1438480633965,609.8104375600001,632.9916172984169,582.7011442228539,580.1127224674999,588.2216730954677,0.95
baseline,lu_solve_dense_ill_conditioned_d16/nalgebra_solve_from_lu,100,96.49710793229582,96.32011238315944,96.68862911385135,96.41990170522428,96.27672423156294,96.67676825603706,0.95
baseline,lu_solve_dense_ill_conditioned_d2/faer_lu_solve,100,179.3896429362463,178.74347958110997,180.05938160726652,178.71613424898712,177.9453820291384,179.5942619928467,0.95
baseline,lu_solve_dense_ill_conditioned_d2/faer_solve_from_lu,100,55.11616279431234,54.96115681609079,55.30846240037924,55.02177430068956,54.92939782210438,55.117423342745965,0.95
baseline,lu_solve_dense_ill_conditioned_d2/la_stack_lu_solve,100,2.0637261731204863,2.0572929812153373,2.070981791488363,2.050515959100182,2.0490653113887665,2.0518361675652366,0.95
baseline,lu_solve_dense_ill_conditioned_d2/la_stack_solve_from_lu,100,1.3748730007684764,1.3693940378801106,1.3804288676379206,1.3827490835870204,1.3759626288908695,1.3846024904875296,0.95
baseline,lu_solve_dense_ill_conditioned_d2/nalgebra_lu_solve,100,4.646245277817839,4.633342839650979,4.661181948877046,4.63670528810246,4.625867682947854,4.640369774282793,0.95
baseline,lu_solve_dense_ill_conditioned_d2/nalgebra_solve_from_lu,100,3.0190930017556767,3.0045421915418955,3.0338259215099757,3.024785485207922,3.011816279621973,3.0366680247803512,0.95
baseline,lu_solve_dense_ill_conditioned_d3/faer_lu_solve,100,214.6805406369559,213.92534265560172,215.46428111592402,213.86203226129015,212.96646017699115,214.83994857689547,0.95
baseline,lu_solve_dense_ill_conditioned_d3/faer_solve_from_lu,100,56.08174268547257,55.933029742432254,56.23874253146848,55.76406115896785,55.67033563511109,56.08259260166185,0.95
baseline,lu_solve_dense_ill_conditioned_d3/la_stack_lu_solve,100,10.93291464536585,10.904648579894104,10.9633366984143,10.92099475404558,10.89108393757977,10.942053330801423,0.95
baseline,lu_solve_dense_ill_conditioned_d3/la_stack_solve_from_lu,100,2.725769744396985,2.716202925248374,2.7359208147986767,2.7291748056933205,2.7157140285695847,2.734371774084769,0.95
baseline,lu_solve_dense_ill_conditioned_d3/nalgebra_lu_solve,100,23.82827780252514,23.755227771190338,23.90329362805316,23.72223123660823,23.685822782803097,23.7945220295894,0.95
baseline,lu_solve_dense_ill_conditioned_d3/nalgebra_solve_from_lu,100,4.969944212403317,4.955340405842598,4.98536114598672,4.963374340645359,4.954273325387706,4.969605261409244,0.95
baseline,lu_solve_dense_ill_conditioned_d32/faer_lu_solve,100,2907.556739288617,2902.253086735735,2913.0029849287826,2901.5163652426554,2896.125122189638,2906.209490802453,0.95
baseline,lu_solve_dense_ill_conditioned_d32/faer_solve_from_lu,100,635.3294631521624,633.8444270649553,637.0181298965693,633.868099715884,632.4460240587408,634.7267508159333,0.95
baseline,lu_solve_dense_ill_conditioned_d32/la_stack_lu_solve,100,2918.612343638353,2895.477129038106,2949.418816067649,2923.247423579649,2897.23063583815,2934.3019245927485,0.95
baseline,lu_solve_dense_ill_conditioned_d32/la_stack_solve_from_lu,100,785.071345696604,781.8314590361371,788.4161242653875,786.9890450919554,784.8057356924573,788.3419777279694,0.95
baseline,lu_solve_dense_ill_conditioned_d32/nalgebra_lu_solve,100,2681.4394174867407,2668.8211262764935,2693.7036251265636,2708.994105373793,2705.6087035771247,2713.227695721207,0.95
baseline,lu_solve_dense_ill_conditioned_d32/nalgebra_solve_from_lu,100,331.6656295082988,330.6244165212295,332.850823038259,330.441700026966,329.9150168541993,330.79498022276186,0.95
baseline,lu_solve_dense_ill_conditioned_d4/faer_lu_solve,100,242.2684011788202,241.56302003120888,242.99766636535142,241.65825092775714,240.76684943399727,242.55752667861861,0.95
baseline,lu_solve_dense_ill_conditioned_d4/faer_solve_from_lu,100,58.7596062783434,58.53872391269945,58.975711676239,59.035660598269786,58.716332867674964,59.256050194203766,0.95
baseline,lu_solve_dense_ill_conditioned_d4/la_stack_lu_solve,100,22.96049013897266,22.905944361933688,23.015715714363942,22.98960304134259,22.957563064105532,23.02527252119939,0.95
baseline,lu_solve_dense_ill_conditioned_d4/la_stack_solve_from_lu,100,4.824726870640919,4.805982049011688,4.843331948870181,4.8523973224980415,4.830617888576342,4.874044247615718,0.95
baseline,lu_solve_dense_ill_conditioned_d4/nalgebra_lu_solve,100,50.41616899082062,50.26297981138376,50.59271527793691,50.23718226827276,50.129744945026694,50.39310007246756,0.95
baseline,lu_solve_dense_ill_conditioned_d4/nalgebra_solve_from_lu,100,5.977434288180729,5.958095022663444,5.996984156109035,5.959425704344433,5.9392558004120755,5.990728528540944,0.95
baseline,lu_solve_dense_ill_conditioned_d5/faer_lu_solve,100,326.85860131704686,322.24130999820517,331.4926575241756,330.016704401968,306.7736161822242,344.7218001874716,0.95
baseline,lu_solve_dense_ill_conditioned_d5/faer_solve_from_lu,100,89.1241418258569,88.85273430115149,89.40489774484297,89.21041666065071,88.96586556355979,89.45500943357924,0.95
baseline,lu_solve_dense_ill_conditioned_d5/la_stack_lu_solve,100,45.901629344200394,45.833435218955955,45.975207108126135,45.8123560921872,45.75530206644354,45.83123474071355,0.95
baseline,lu_solve_dense_ill_conditioned_d5/la_stack_solve_from_lu,100,7.311879771608091,7.301141439591337,7.3233400792915395,7.322349855347062,7.302751195291032,7.330715341102313,0.95
baseline,lu_solve_dense_ill_conditioned_d5/nalgebra_lu_solve,100,69.89869841912629,69.76037196296281,70.04313641538735,69.90916740682711,69.78935308051581,70.04514021733544,0.95
baseline,lu_solve_dense_ill_conditioned_d5/nalgebra_solve_from_lu,100,10.670913151786857,10.411221404182736,11.003765195641162,10.255598017292574,10.24079167009834,10.286396260833708,0.95
baseline,lu_solve_dense_ill_conditioned_d64/faer_lu_solve,100,12098.082149330503,12075.062525005755,12121.384097519955,12086.118504772003,12066.94277673546,12106.179643527204,0.95
baseline,lu_solve_dense_ill_conditioned_d64/faer_solve_from_lu,100,1661.5021667929648,1658.6741722475228,1664.5162287923695,1663.4978310243016,1660.049656226127,1665.4492484993998,0.95
baseline,lu_solve_dense_ill_conditioned_d64/la_stack_lu_solve,100,17183.546476191943,17147.18573530701,17222.027329224366,17140.615198967902,17116.19702665755,17175.106165377176,0.95
baseline,lu_solve_dense_ill_conditioned_d64/la_stack_solve_from_lu,100,2529.430400478899,2513.3367003939143,2547.5015244499446,2504.419695609785,2494.540802764487,2512.2033068783066,0.95
baseline,lu_solve_dense_ill_conditioned_d64/nalgebra_lu_solve,100,14191.323722564424,14157.043710149215,14227.274638427622,14160.87336269196,14149.36247723133,14179.141865079366,0.95
baseline,lu_solve_dense_ill_conditioned_d64/nalgebra_solve_from_lu,100,795.6740171140851,794.8597490678757,796.5666873305099,795.9829119165936,795.290719087986,796.7537269804151,0.95
baseline,lu_solve_dense_ill_conditioned_d8/faer_lu_solve,100,392.7935014347922,391.90086637373656,393.7043861649589,392.7346322166675,391.27696584590944,393.64973854911307,0.95
baseline,lu_solve_dense_ill_conditioned_d8/faer_solve_from_lu,100,100.09022360791192,99.73688289332486,100.45496331111255,99.45650952276816,99.27014169627179,100.0040684973288,0.95
baseline,lu_solve_dense_ill_conditioned_d8/la_stack_lu_solve,100,128.58312669823593,128.34014154177305,128.8420147150464,128.69123535169115,128.2897504501321,128.85303261007488,0.95
baseline,lu_solve_dense_ill_conditioned_d8/la_stack_solve_from_lu,100,14.389865193327305,14.126733147296601,14.877250889001985,14.109087632273138,14.080070276666838,14.13810753052848,0.95
baseline,lu_solve_dense_ill_conditioned_d8/nalgebra_lu_solve,100,170.1599737962724,169.3372302094068,171.0478792072627,169.1365040564357,168.51000979648592,170.0512419416003,0.95
baseline,lu_solve_dense_ill_conditioned_d8/nalgebra_solve_from_lu,100,17.84373665540478,17.751781076046885,17.93828110849332,17.600769312118658,17.520899116625753,17.810439144150685,0.95
baseline,lu_solve_pivoting_d16/faer_lu_solve,100,1216.237212374114,1211.5147627398178,1221.0176130905743,1219.6490991370256,1212.4035782496348,1224.933916689454,0.95
baseline,lu_solve_pivoting_d16/faer_solve_from_lu,100,267.639188687269,263.9265293510672,271.7397398587844,260.22638284384107,259.568188782024,261.47418104323117,0.95
baseline,lu_solve_pivoting_d16/la_stack_lu_solve,100,774.1889207457948,772.4972799181776,776.025649363314,774.1355439317131,773.069579865017,775.7331726090418,0.95
baseline,lu_solve_pivoting_d16/la_stack_solve_from_lu,100,189.24516069254034,188.41294560355334,190.18661049112066,188.15516111934286,187.5826299495634,188.71131344759394,0.95
baseline,lu_solve_pivoting_d16/nalgebra_lu_solve,100,725.8254389098213,713.0771038734791,739.1811996974781,683.4520272466791,679.7146494320407,689.9953899698654,0.95
baseline,lu_solve_pivoting_d16/nalgebra_solve_from_lu,100,120.79668378409458,120.49596005725633,121.09638692350248,120.97148473698076,120.68203383361522,121.18355477379569,0.95
baseline,lu_solve_pivoting_d2/faer_lu_solve,100,195.6193658920761,194.95690571992517,196.31350513719747,195.43238076277495,194.7642818223731,195.9550671002953,0.95
baseline,lu_solve_pivoting_d2/faer_solve_from_lu,100,65.00140302525116,64.39653078962033,65.5513996954055,65.88928931451613,65.06284318666982,66.37840140999793,0.95
baseline,lu_solve_pivoting_d2/la_stack_lu_solve,100,2.099388470442919,2.086739157756866,2.112840885731645,2.0548082856555707,2.051609900597233,2.094765785394059,0.95
baseline,lu_solve_pivoting_d2/la_stack_solve_from_lu,100,1.3766702432874245,1.3715572639924873,1.3818104288659645,1.3835430179020167,1.3826626409040754,1.385357306831989,0.95
baseline,lu_solve_pivoting_d2/nalgebra_lu_solve,100,10.949029836688732,10.844051322709936,11.045555052279695,10.955322403301475,10.927889174260686,10.983689621924627,0.95
baseline,lu_solve_pivoting_d2/nalgebra_solve_from_lu,100,10.322808518317716,10.170220665730108,10.475724784778931,10.50874097392921,10.264048507194504,10.630435904106925,0.95
baseline,lu_solve_pivoting_d3/faer_lu_solve,100,253.07117817074348,252.3566851579437,253.80888198209564,252.49821434656073,252.2490346226266,252.98136520264725,0.95
baseline,lu_solve_pivoting_d3/faer_solve_from_lu,100,64.57199568127636,63.67726762865116,65.43217851698387,65.27928915888675,64.5054500009029,67.08037909800976,0.95
baseline,lu_solve_pivoting_d3/la_stack_lu_solve,100,23.37418922318903,23.242186488084414,23.511919601719192,23.391958759733086,23.260019081866936,23.51515718985635,0.95
baseline,lu_solve_pivoting_d3/la_stack_solve_from_lu,100,2.7269582516476727,2.7189206554329015,2.735443103422878,2.7338291253743625,2.726445299455972,2.7363134288536033,0.95
baseline,lu_solve_pivoting_d3/nalgebra_lu_solve,100,32.298806210431515,32.17642304949638,32.42180087454743,32.31085463350519,32.17628005335371,32.382143563953015,0.95
baseline,lu_solve_pivoting_d3/nalgebra_solve_from_lu,100,14.183854674096283,14.136628165018188,14.236587211139947,14.20449546695276,14.154678023899631,14.258136048065865,0.95
baseline,lu_solve_pivoting_d32/faer_lu_solve,100,3722.1411079919963,3716.461084124975,3728.0505066699066,3719.623295367388,3715.441188057226,3723.572779432859,0.95
baseline,lu_solve_pivoting_d32/faer_solve_from_lu,100,634.6326729212843,633.0916936172872,636.303016977138,633.2843251253335,631.509211131887,634.8774934016402,0.95
baseline,lu_solve_pivoting_d32/la_stack_lu_solve,100,3122.7747885161366,3118.1020125662762,3127.6585518096763,3120.624906113865,3117.4266104449976,3125.5587539432177,0.95
baseline,lu_solve_pivoting_d32/la_stack_solve_from_lu,100,766.3260791236607,763.7646812738411,768.9708799263963,767.7074459083074,765.197991564035,771.1026152630404,0.95
baseline,lu_solve_pivoting_d32/nalgebra_lu_solve,100,3124.9016131079306,3106.616990443578,3142.317451349245,3175.832099783527,3162.9827726809376,3181.818741269302,0.95
baseline,lu_solve_pivoting_d32/nalgebra_solve_from_lu,100,352.56820668658713,351.43155381790234,353.82873892146404,350.9783527119668,350.4478624829875,351.4492082560511,0.95
baseline,lu_solve_pivoting_d4/faer_lu_solve,100,298.5944710908557,297.28339650860346,299.95228790007485,297.57039725035054,295.53686594169017,298.8730639070621,0.95
baseline,lu_solve_pivoting_d4/faer_solve_from_lu,100,65.85640556874938,64.9421098976835,66.75362297046651,67.0037682896097,66.0582265652766,68.2585316001108,0.95
baseline,lu_solve_pivoting_d4/la_stack_lu_solve,100,38.815086331872095,38.70140342074268,38.94218956148151,38.789042798189314,38.696213734580795,38.84742854914805,0.95
baseline,lu_solve_pivoting_d4/la_stack_solve_from_lu,100,4.7974956519415874,4.779121251216055,4.8160560400039785,4.820172261402094,4.7865284477206815,4.854427588531521,0.95
baseline,lu_solve_pivoting_d4/nalgebra_lu_solve,100,53.78782142968442,53.63623510256206,53.93915991611398,53.7393816874949,53.48485377433114,54.141467611939305,0.95
baseline,lu_solve_pivoting_d4/nalgebra_solve_from_lu,100,19.376875090814437,19.26193044850192,19.510036386593114,19.230755781445136,19.13872260506739,19.298437520106642,0.95
baseline,lu_solve_pivoting_d5/faer_lu_solve,100,379.1731061257418,378.2048634989124,380.15218933546294,379.4937478698023,378.71251601159577,380.35391572191463,0.95
baseline,lu_solve_pivoting_d5/faer_solve_from_lu,100,93.25529648859622,92.79476354702803,93.71525244984193,93.05927521980564,92.82238742285017,93.76845767563029,0.95
baseline,lu_solve_pivoting_d5/la_stack_lu_solve,100,82.83016788947613,82.55651699862455,83.12618104906154,82.56255814519149,82.34306503557008,82.80840084377265,0.95
baseline,lu_solve_pivoting_d5/la_stack_solve_from_lu,100,7.301021071401738,7.283122242243988,7.320257443695598,7.300327387080642,7.283211178310214,7.312533613517475,0.95
baseline,lu_solve_pivoting_d5/nalgebra_lu_solve,100,84.74100571583898,84.48885377650944,85.01219710962361,84.44871562952244,84.28874545476657,84.77006768049162,0.95
baseline,lu_solve_pivoting_d5/nalgebra_solve_from_lu,100,23.516699834264706,23.437498814853846,23.601289713393328,23.49733027512618,23.415964940987084,23.550120174450704,0.95
baseline,lu_solve_pivoting_d64/faer_lu_solve,100,14376.563411864143,14357.080541580264,14397.436822576678,14371.405386904762,14356.141114982578,14398.580690737834,0.95
baseline,lu_solve_pivoting_d64/faer_solve_from_lu,100,1662.8157853204364,1660.2642750826292,1665.4127459508436,1663.9818613451378,1661.4203384884738,1666.6880818358952,0.95
baseline,lu_solve_pivoting_d64/la_stack_lu_solve,100,18644.962043499705,18577.06090259773,18719.615527463455,18543.513079108394,18486.023125608568,18601.315428983416,0.95
baseline,lu_solve_pivoting_d64/la_stack_solve_from_lu,100,2512.393242052932,2498.094985144268,2528.7993919437054,2484.398474671145,2480.3676055868755,2493.213476070529,0.95
baseline,lu_solve_pivoting_d64/nalgebra_lu_solve,100,16471.042905738057,16454.915397221157,16487.891423284567,16469.69269949066,16459.380137089258,16484.93052109181,0.95
baseline,lu_solve_pivoting_d64/nalgebra_solve_from_lu,100,840.814059103292,839.5529966969531,842.4336066398024,840.7508177222718,840.0264329738059,840.9919455386506,0.95
baseline,lu_solve_pivoting_d8/faer_lu_solve,100,514.3337682145633,512.8383044550104,515.9129923705806,512.9483966924398,512.016643639069,513.5301116838489,0.95
baseline,lu_solve_pivoting_d8/faer_solve_from_lu,100,99.78704509782379,99.51787276829079,100.06225030178392,99.77987785278046,99.33912965722801,100.02949955327004,0.95
baseline,lu_solve_pivoting_d8/la_stack_lu_solve,100,200.93423463991476,199.96526736652038,201.91256348792456,198.88364133795952,197.87932350793335,200.228940415771,0.95
baseline,lu_solve_pivoting_d8/la_stack_solve_from_lu,100,14.040048537498793,14.018027296327864,14.06123671669754,14.051401061238948,14.03692110832226,14.067977073176376,0.95
baseline,lu_solve_pivoting_d8/nalgebra_lu_solve,100,200.46459529547198,199.80545982037097,201.13602668589928,199.36695519322637,198.97069948360271,199.90094269370584,0.95
baseline,lu_solve_pivoting_d8/nalgebra_solve_from_lu,100,35.47029873322475,35.36366486950787,35.58237674680099,35.40523373332681,35.29766977949914,35.516250502424406,0.95
current,canonical_conversion_below_overflow_d2/rounded_result,100,219.6041918046675,219.2232199458668,219.98852926567295,219.55789537565238,218.98613355819455,220.12049399198932,0.95
current,canonical_conversion_below_overflow_d2/strict_result,100,222.61883925100636,221.67434962264124,223.69593957667635,221.73920358928063,221.0172171617216,222.79878134840635,0.95
current,canonical_conversion_below_overflow_d3/rounded_result,100,228.6063048497852,227.58616373117368,229.85779546735003,227.88967442262935,227.32090414356662,228.36527813818816,0.95
current,canonical_conversion_below_overflow_d3/strict_result,100,226.95296225740194,226.18543640160715,227.72956917903943,227.0127455090581,226.59827385242681,227.76622368638363,0.95
current,canonical_conversion_below_overflow_d4/rounded_result,100,235.6319063369018,234.98771736501027,236.27799254980152,235.59340175039398,235.19310035842295,236.1191624499262,0.95
current,canonical_conversion_below_overflow_d4/strict_result,100,233.17703049352153,232.5835048666459,233.77588313971071,233.21009247761756,232.19291019415488,233.76230149306616,0.95
current,canonical_conversion_below_overflow_d5/rounded_result,100,258.07063005689315,248.02906656956281,272.5437040387557,249.0108334610864,245.9613262144734,251.4616721263979,0.95
current,canonical_conversion_below_overflow_d5/strict_result,100,235.64184133399402,234.74237985966064,236.68202905725116,235.34060941566747,234.13949453095097,235.9604517184481,0.95
current,canonical_conversion_dyadic_d2/rounded_result,100,11.775860682907991,11.75946420213827,11.798521779467967,11.748880763605339,11.745430469217428,11.758149126196766,0.95
current,canonical_conversion_dyadic_d2/strict_result,100,8.249219101832528,8.208563786027087,8.28919255930911,8.284240603227365,8.214477367437423,8.35424227574003,0.95
current,canonical_conversion_dyadic_d3/rounded_result,100,17.72673491835302,17.71639224040246,17.737597805649756,17.72276269865357,17.71211920133907,17.73712265888557,0.95
current,canonical_conversion_dyadic_d3/strict_result,100,11.975518294494913,11.912363004148716,12.041039209106614,11.896661838824361,11.816092402349064,11.97108648668651,0.95
current,canonical_conversion_dyadic_d4/rounded_result,100,23.44257349411081,23.404133171264355,23.49399025378867,23.387414446575118,23.37852966726206,23.396248150759593,0.95
current,canonical_conversion_dyadic_d4/strict_result,100,15.948850200146644,15.819707459324203,16.076119130239373,16.12011471716906,15.815574899464647,16.367881348704795,0.95
current,canonical_conversion_dyadic_d5/rounded_result,100,28.364191378321483,28.34574564133947,28.38930983094225,28.345627806014882,28.337477849305706,28.35369190619547,0.95
current,canonical_conversion_dyadic_d5/strict_result,100,19.886360862597734,19.727181230550595,20.044539014895978,19.596524553775794,19.396642446784124,20.584038426754024,0.95
current,canonical_conversion_min_subnormal_d2/rounded_result,100,230.68568550168092,228.9684805080863,232.90705281082006,227.8893498886072,227.23940740548383,229.03798823516502,0.95
current,canonical_conversion_min_subnormal_d2/strict_result,100,12.608521098969357,12.530692354982197,12.689035094265629,12.598095938539283,12.528698789567006,12.684855535570778,0.95
current,canonical_conversion_min_subnormal_d3/rounded_result,100,237.9159782172544,237.52536699753634,238.30674519609508,237.69165256286266,237.36427378231053,238.37924976310495,0.95
current,canonical_conversion_min_subnormal_d3/strict_result,100,17.373463805583082,17.239544499226188,17.508090556358436,17.421601042611744,17.299129526256813,17.580500329558006,0.95
current,canonical_conversion_min_subnormal_d4/rounded_result,100,254.87907693450288,248.1389318205514,264.58225148088724,243.71103739680723,243.23765364162801,248.4726522587553,0.95
current,canonical_conversion_min_subnormal_d4/strict_result,100,21.53924201336105,21.37383562054632,21.707511865519272,21.43802492066749,21.179723669403035,21.714160875833606,0.95
current,canonical_conversion_min_subnormal_d5/rounded_result,100,248.07169296085416,247.50556266490273,248.6492879750953,248.14816278535773,247.45074152978046,248.730817294493,0.95
current,canonical_conversion_min_subnormal_d5/strict_result,100,25.767745495828564,25.582346162782706,25.95730107690061,25.706951722004316,25.448710165849256,25.966965660210185,0.95
current,canonical_conversion_negative_underflow_d2/rounded_result,100,228.31260677742532,227.88138275615876,228.75486379690577,227.91322399246275,227.66632999781788,228.56192810457517,0.95
current,canonical_conversion_negative_underflow_d2/strict_result,100,12.686272398966446,12.617949629111333,12.756761607452367,12.633146737114128,12.556784338890033,12.706325104559141,0.95
current,canonical_conversion_negative_underflow_d3/rounded_result,100,234.4865061436256,234.04417640966355,234.94939086084693,234.28179434410748,234.02543862994963,234.58048553857844,0.95
current,canonical_conversion_negative_underflow_d3/strict_result,100,17.41070227928069,17.345450823231992,17.478112499234037,17.3749973971973,17.305866892353407,17.44388838968468,0.95
current,canonical_conversion_negative_underflow_d4/rounded_result,100,245.1949153772863,243.91525429110587,246.5518959242676,243.42287398794116,242.8272543170483,244.23721990832306,0.95
current,canonical_conversion_negative_underflow_d4/strict_result,100,20.53275353156555,20.416264049924727,20.658824338859276,20.491278051624157,20.400085846849667,20.5893291586452,0.95
current,canonical_conversion_negative_underflow_d5/rounded_result,100,246.72536141626685,246.2694201654212,247.21005827784236,246.30677905944987,245.95111737537826,246.7493795093795,0.95
current,canonical_conversion_negative_underflow_d5/strict_result,100,24.88890044600164,24.72585342374502,25.053943431672934,24.87694771501036,24.638660703075956,25.223441618017887,0.95
current,canonical_conversion_non_dyadic_d2/rounded_result,100,11.824860684015544,11.8027791334158,11.849726725594559,11.784922044395461,11.779831935324896,11.798258163581723,0.95
current,canonical_conversion_non_dyadic_d2/strict_result,100,11.831485639053572,11.809473976157083,11.855085290118131,11.79645238104057,11.776180119904941,11.81716964253766,0.95
current,canonical_conversion_non_dyadic_d3/rounded_result,100,18.002333207925872,17.937544704059206,18.073273670869593,17.843229744133566,17.828065436368686,17.873363202615614,0.95
current,canonical_conversion_non_dyadic_d3/strict_result,100,15.895920249139634,15.852711370090185,15.94100298384271,15.905841063032963,15.884283479365,15.943999651349394,0.95
current,canonical_conversion_non_dyadic_d4/rounded_result,100,23.542849442306462,23.495753188182782,23.59693392051146,23.447326480125696,23.436605631055336,23.46594526627219,0.95
current,canonical_conversion_non_dyadic_d4/strict_result,100,19.531297500098148,19.45423445061707,19.607292494857916,19.59382740690873,19.499558297583903,19.669887304063828,0.95
current,canonical_conversion_non_dyadic_d5/rounded_result,100,28.455621072209905,28.405863378391544,28.533680922128454,28.401804436651688,28.38620733104981,28.410607782047304,0.95
current,canonical_conversion_non_dyadic_d5/strict_result,100,23.293739525335024,23.199007953772877,23.38646731502139,23.471838120045856,23.1547700558207,23.582878483811076,0.95
current,canonical_conversion_overflow_midpoint_d2/rounded_result,100,221.90120786392237,221.52063000221364,222.28699754344285,221.8675261628613,221.43014513842252,222.27190653267996,0.95
current,canonical_conversion_overflow_midpoint_d2/strict_result,100,228.3381015057913,227.9141638239115,228.77705736369893,228.30790462421123,227.71008963456677,228.6877729257642,0.95
current,canonical_conversion_overflow_midpoint_d3/rounded_result,100,227.97286339312126,227.26208486760294,228.72748489561513,227.43046360996004,226.66312646645497,228.6010689905287,0.95
current,canonical_conversion_overflow_midpoint_d3/strict_result,100,232.59448067842675,232.06484072071953,233.13219141150375,232.45109460835937,231.75831613174287,233.3251829401151,0.95
current,canonical_conversion_overflow_midpoint_d4/rounded_result,100,235.83554385720205,235.00591959347042,236.67575132642838,236.0234659026935,235.03823660591846,236.99833610648918,0.95
current,canonical_conversion_overflow_midpoint_d4/strict_result,100,241.42060884859077,240.35233012459875,242.53959195387102,240.3430714638752,239.39462613843997,241.7035259459122,0.95
current,canonical_conversion_overflow_midpoint_d5/rounded_result,100,240.1561494756009,239.48438010219675,240.8247049235622,240.30531786683844,239.51804113614105,241.51586985798235,0.95
current,canonical_conversion_overflow_midpoint_d5/strict_result,100,243.46188275991062,242.71943100263184,244.24094031501681,243.0988253246972,242.55181667716172,243.63646068826927,0.95
current,canonical_conversion_wide1024_d2/rounded_result,100,266.70865111372893,266.175791991245,267.273747096772,266.30017877766244,266.0377174447724,266.68727241366093,0.95
current,canonical_conversion_wide1024_d2/strict_result,100,266.69370165720755,266.3282114003358,267.06902859948275,266.5256573694919,266.1841129324122,267.18565791318633,0.95
current,canonical_conversion_wide1024_d3/rounded_result,100,279.5774496694729,278.7297377334431,280.4488533740771,279.53193734633413,278.81248234961873,280.01256873266107,0.95
current,canonical_conversion_wide1024_d3/strict_result,100,278.58318512518053,277.0645394666541,280.45935193548326,278.169138739037,276.9206538595225,278.8431785840545,0.95
current,canonical_conversion_wide1024_d4/rounded_result,100,280.443138947643,279.8953592210943,281.0595896117601,280.07419121515966,279.2802974147792,280.5829888551165,0.95
current,canonical_conversion_wide1024_d4/strict_result,100,275.92644367284066,275.1394112079409,276.7313441469127,276.51924240598686,275.3764095836067,277.0867499635235,0.95
current,canonical_conversion_wide1024_d5/rounded_result,100,290.95666596344273,289.2099056269494,292.87430466870006,288.12686904066936,287.48525977816695,289.94571712834806,0.95
current,canonical_conversion_wide1024_d5/strict_result,100,287.9222859700385,285.3123495733652,290.72626932082454,283.191100315993,281.5334785988788,284.2061217020993,0.95
current,canonical_conversion_wide256_d2/rounded_result,100,253.00752785784482,251.73825555647875,254.41681566975484,252.12362981094986,251.23428261823062,252.9697735892426,0.95
current,canonical_conversion_wide256_d2/strict_result,100,252.39167182990954,251.67765095911625,253.1190602001321,252.51306815968843,251.39620253164557,253.271001150748,0.95
current,canonical_conversion_wide256_d3/rounded_result,100,253.2983390063813,252.61187604889028,254.0368359725676,252.80782409730742,252.01798278509946,253.67055325792683,0.95
current,canonical_conversion_wide256_d3/strict_result,100,254.24582805238438,253.04487001820834,255.5737393176873,253.09436627465772,252.20677024920306,253.8444003811509,0.95
current,canonical_conversion_wide256_d4/rounded_result,100,263.5091253594286,262.28271884570455,264.79953772513596,262.8599101504759,260.98851059344366,264.87398789912754,0.95
current,canonical_conversion_wide256_d4/strict_result,100,255.33725030942557,254.6222156790141,256.07522145054446,254.95434783517481,254.10691876752804,256.26837568393734,0.95
current,canonical_conversion_wide256_d5/rounded_result,100,271.44338665860255,270.12848035180446,272.9150905356008,271.2024198482251,270.2726254419364,272.37357482061043,0.95
current,canonical_conversion_wide256_d5/strict_result,100,265.44091122806464,264.63183173586043,266.2334626829588,265.581163063525,264.0056104728827,266.34861634190275,0.95
current,d16/la_stack_det,100,469.5871526448627,464.15785856119146,475.1091951798135,463.80296127265103,460.3960326176341,472.33012103603517,0.95
current,d16/la_stack_det_from_ldlt,100,2.8755783105066737,2.871480516850472,2.8794434875172157,2.877754259290871,2.871006422967889,2.8807725628498964,0.95
current,d16/la_stack_det_from_lu,100,3.281855953459262,3.276872533329061,3.2871823267312057,3.2844233910509777,3.2802626051210346,3.2871763604294144,0.95
current,d16/la_stack_det_via_lu,100,406.50860883724323,405.63185590150164,407.43369690911356,405.19400426939444,403.78158014582004,406.94594977973304,0.95
current,d16/la_stack_dot,100,2.3445919740216485,2.339155465970549,2.3505961746195174,2.3393023607778165,2.3353744484042807,2.3411556649656324,0.95
current,d16/la_stack_inf_norm,100,32.124707889157136,32.058747782511276,32.19601353839705,32.16643008528123,32.10596293058447,32.20513628453468,0.95
current,d16/la_stack_ldlt,100,405.3708935425617,404.3564908620939,406.5529371897525,403.795192343709,403.4035573047982,404.47298172993465,0.95
current,d16/la_stack_ldlt_solve,100,448.6316220738692,447.60600169849886,449.74396839560836,447.59429870422946,446.33635357254593,448.10668388068535,0.95
current,d16/la_stack_lu,100,397.2652511573521,396.1238556889343,398.4665123186324,395.5655026513118,394.39822642691,397.09790485192184,0.95
current,d16/la_stack_lu_solve,100,647.2768820255613,645.0620006706728,649.6906284666746,643.5320021938804,641.4668189353472,644.9028128940731,0.95
current,d16/la_stack_norm2,100,10.074821045282292,10.015533568222432,10.137296889186374,10.085580976521914,9.881800967630472,10.181846832231617,0.95
current,d16/la_stack_norm2_scenario_descending,100,9.373223532281786,9.337621790261323,9.4140790251993,9.352561908973325,9.318583959781849,9.375331730972174,0.95
current,d16/la_stack_norm2_scenario_repeated_scale,100,9.371307112357737,9.334110523675058,9.410258617625612,9.34738964858287,9.31550461970904,9.388228561183272,0.95
current,d16/la_stack_norm2_scenario_sparse,100,4.695870509831993,4.6321672130617735,4.759425337469813,4.8857883994576685,4.514444368740206,4.97196944667051,0.95
current,d16/la_stack_norm2_scenario_wide_dynamic_range,100,8.155216212044936,8.12834837453266,8.185027491062618,8.13159059910919,8.112383487863063,8.157612982585157,0.95
current,d16/la_stack_norm2_sq,100,2.0622460664705677,2.0581277135499834,2.066277328036344,2.0639409227602474,2.0589625074537787,2.068890035783829,0.95
current,d16/la_stack_solve_from_ldlt,100,27.712083273395606,27.690910326062248,27.735048192227683,27.715558726917436,27.697078439756556,27.727102224379838,0.95
current,d16/la_stack_solve_from_lu,100,188.8753786540353,188.44120941175385,189.3254880845008,188.7725182762601,188.33652062599413,189.38605435288875,0.95
current,d2/la_stack_det,100,0.5756183521605707,0.5746936971600127,0.5767009188145265,0.5741482940686722,0.5740140431795733,0.5743363087103232,0.95
current,d2/la_stack_det_from_ldlt,100,0.5027864176666338,0.49998037080036417,0.5058611531250365,0.49616588060011557,0.4960249936577053,0.4962737893509107,0.95
current,d2/la_stack_det_from_lu,100,0.5206977243239892,0.5204522998312283,0.5210901340858354,0.5204295737651622,0.5203664220100013,0.5205197765554463,0.95
current,d2/la_stack_det_via_lu,100,1.770190303000009,1.7642901120292764,1.7760164350528584,1.7737368324374865,1.7713974906331558,1.7775340107838542,0.95
current,d2/la_stack_dot,100,0.605875048281926,0.6029082005744474,0.6087989881102597,0.6125121487874756,0.611217777691145,0.613135247887534,0.95
current,d2/la_stack_inf_norm,100,0.6242239040694547,0.6232226656909707,0.6254749284344953,0.6228225249289318,0.6225078963597978,0.6232695321530408,0.95
current,d2/la_stack_ldlt,100,6.651340746887415,6.6151042906018835,6.689224602386477,6.634632669927852,6.611228322482762,6.649096105104241,0.95
current,d2/la_stack_ldlt_solve,100,9.480404775129863,9.436878673106214,9.534810693894986,9.434206567116622,9.417631882276098,9.464483593035887,0.95
current,d2/la_stack_lu,100,1.5546319693922017,1.5535647246299953,1.5556516223721206,1.555032806939535,1.5541639439771986,1.5557607183929154,0.95
current,d2/la_stack_lu_solve,100,2.0654067373562306,2.0522982153792837,2.0792981569431435,2.0211314276372025,2.018479942281156,2.0445438481191816,0.95
current,d2/la_stack_norm2,100,1.190882506267541,1.1835907517993525,1.198229230508108,1.2027430445218819,1.171992508138802,1.2163330958829988,0.95
current,d2/la_stack_norm2_scenario_descending,100,1.3401319025058056,1.336332126726681,1.344273376391739,1.3368976213260773,1.3335375140252987,1.3397730742932756,0.95
current,d2/la_stack_norm2_scenario_repeated_scale,100,1.335890377742934,1.3316932133528179,1.3404283767358938,1.3351579288556978,1.3327431380656685,1.3379837110068196,0.95
current,d2/la_stack_norm2_scenario_sparse,100,1.1703090020566862,1.1648882529689464,1.1759238371547729,1.159969296207054,1.156315959823193,1.162363839272694,0.95
current,d2/la_stack_norm2_scenario_wide_dynamic_range,100,1.343452400985219,1.3396768107019483,1.3476373088262192,1.341809540054549,1.3375394406984786,1.3442648549785015,0.95
current,d2/la_stack_norm2_sq,100,0.3934279092494954,0.3927929735190348,0.39404644793603094,0.39496812928467495,0.3943605968682597,0.3951709797409994,0.95
current,d2/la_stack_solve_from_ldlt,100,1.2245440353935804,1.2151369214034358,1.2345316737997223,1.2384772206664705,1.2373876587522723,1.238701497962425,0.95
current,d2/la_stack_solve_from_lu,100,1.2528935016998404,1.248704331260613,1.2577830362473603,1.244713993068986,1.2424024222304724,1.2477969796655017,0.95
current,d3/la_stack_det,100,1.3245355707242066,1.3219712466881217,1.327464468528216,1.3219835208630162,1.3187665729784837,1.3242570292917186,0.95
current,d3/la_stack_det_from_ldlt,100,0.5972830729314077,0.5960721839182488,0.5987349817884089,0.5949699712555623,0.5948021975187033,0.5951497566776942,0.95
current,d3/la_stack_det_from_lu,100,0.6946135578712955,0.6940409732476729,0.6953270864196018,0.6938382932649928,0.6937154341229996,0.6940122258871739,0.95
current,d3/la_stack_det_via_lu,100,8.913009247820732,8.720291594879063,9.290094650890827,8.733076033902261,8.716449031247826,8.751958150713982,0.95
current,d3/la_stack_dot,100,0.666988901980296,0.6658001140871104,0.6684269231278213,0.6652945334987677,0.6647111666949368,0.6659491748002594,0.95
current,d3/la_stack_inf_norm,100,1.3046654787829948,1.3025925489737378,1.3072377847912933,1.3022204280027463,1.3019503775557604,1.3025409334706468,0.95
current,d3/la_stack_ldlt,100,13.663997185824833,13.597103115117564,13.738449847396998,13.578777245617996,13.518208039128293,13.660511854186652,0.95
current,d3/la_stack_ldlt_solve,100,17.05098216089634,16.253868166858364,17.821355116220165,18.27160621414104,17.80685111570045,20.33914360837819,0.95
current,d3/la_stack_lu,100,16.946944600700878,15.529875997885206,18.372102532413162,17.72001734341115,16.71937512810837,18.448514051541753,0.95
current,d3/la_stack_lu_solve,100,9.971282112325017,9.932869379554209,10.011823477505681,9.976848651948877,9.898381116607712,10.025906395438968,0.95
current,d3/la_stack_norm2,100,1.9136180526154822,1.8611465196122294,1.968298273302822,1.760797365183992,1.7161871421500636,1.836073726950029,0.95
current,d3/la_stack_norm2_scenario_descending,100,1.8155087597781,1.8118034150325861,1.8195794202972835,1.8152689690782942,1.810372853210235,1.8202093504324828,0.95
current,d3/la_stack_norm2_scenario_repeated_scale,100,1.8156101436555574,1.8115292519425106,1.820316369430406,1.8134298217010243,1.810550659815571,1.8157603032600707,0.95
current,d3/la_stack_norm2_scenario_sparse,100,1.4228944516364113,1.4127330976165946,1.4329714027765108,1.449952614304035,1.3888715835827745,1.4591047525781982,0.95
current,d3/la_stack_norm2_scenario_wide_dynamic_range,100,1.8368800000515524,1.8279355138078361,1.8465978045168472,1.8286160942188565,1.8226330081109674,1.8326320951723232,0.95
current,d3/la_stack_norm2_sq,100,0.4463034091851394,0.4451080079995303,0.4477980930916009,0.4449210942501701,0.44446960832512455,0.44534723732947157,0.95
current,d3/la_stack_solve_from_ldlt,100,1.7814630774131774,1.7801561104710195,1.7831748199348287,1.7800479595458731,1.7795798536856575,1.7807743797736573,0.95
current,d3/la_stack_solve_from_lu,100,2.068034912691297,2.0624043844405473,2.0740576362075123,2.054541299047976,2.053204286673547,2.056574592257737,0.95
current,d32/la_stack_det,100,2173.511715962495,2168.182777042834,2179.009304325981,2168.540633632302,2163.2463921620547,2178.788811188811,0.95
current,d32/la_stack_det_from_ldlt,100,7.761084657330838,7.741071319845294,7.78172972820826,7.761708667578196,7.737156693665024,7.783815867105325,0.95
current,d32/la_stack_det_from_lu,100,9.062986747179776,9.044027889482104,9.083391943771492,9.042549790363317,9.027061715113295,9.048574802021296,0.95
current,d32/la_stack_det_via_lu,100,2048.316813693135,2044.259508338525,2052.3478198574585,2052.010896951373,2038.2267602457862,2057.7743209876544,0.95
current,d32/la_stack_dot,100,4.001717474493551,3.996033405378256,4.00821674964597,4.002279478630298,3.9971985367801794,4.004134130729238,0.95
current,d32/la_stack_inf_norm,100,128.37655872250718,127.69099377093097,129.17261907763913,127.60310823622962,127.36826902491643,127.74566473988439,0.95
current,d32/la_stack_ldlt,100,2459.3704778224987,2453.8626685931367,2465.325665415841,2448.646902110143,2445.871012052464,2454.500229758294,0.95
current,d32/la_stack_ldlt_solve,100,2788.0945784141286,2778.9463726805525,2797.8141654002366,2768.5652427637724,2762.180874981572,2794.1459783913565,0.95
current,d32/la_stack_lu,100,2134.7989854454604,2123.712930669762,2146.331734166774,2119.955224413051,2112.95993754879,2129.7553187980343,0.95
current,d32/la_stack_lu_solve,100,2759.911839950857,2753.567323792885,2767.07710460142,2755.7729402136074,2752.579773568824,2761.0723724010572,0.95
current,d32/la_stack_norm2,100,22.867483462615905,22.77386151923901,22.97211337943726,22.751551729243644,22.70271402767946,22.82613076825247,0.95
current,d32/la_stack_norm2_scenario_descending,100,18.372314249375368,18.298446452297515,18.457721533340774,18.28778379677201,18.23960313001269,18.355352879497133,0.95
current,d32/la_stack_norm2_scenario_repeated_scale,100,18.39734596799386,18.334045192966343,18.466472340414274,18.332307210118216,18.31212904145235,18.373001254753333,0.95
current,d32/la_stack_norm2_scenario_sparse,100,9.123647045063343,9.088525389305522,9.158602530708576,9.147520792239048,9.112779865060132,9.182712058343926,0.95
current,d32/la_stack_norm2_scenario_wide_dynamic_range,100,16.026209458690655,15.99795868719477,16.05342914925465,16.039899053970515,16.018045042143125,16.074110162667097,0.95
current,d32/la_stack_norm2_sq,100,3.953034365082905,3.9476551511670666,3.9587722843169826,3.9554034762752313,3.9528403327902115,3.957058368775397,0.95
current,d32/la_stack_solve_from_ldlt,100,312.2607580101537,310.97692419461686,313.71184363687155,310.3703709888475,309.49069355760207,311.12826463184393,0.95
current,d32/la_stack_solve_from_lu,100,656.5595419770285,653.0899602729287,660.5983675887479,652.5297353287576,650.6968805631454,653.6966416754892,0.95
current,d4/la_stack_det,100,2.5633515700561595,2.5585982297054772,2.568537016990773,2.557517682131166,2.5558274677675454,2.5593567733711935,0.95
current,d4/la_stack_det_from_ldlt,100,0.7685440462012781,0.7681047470091654,0.7691639823844156,0.7681530286236746,0.7680141628745131,0.7682211116887955,0.95
current,d4/la_stack_det_from_lu,100,0.8687614185440896,0.8677676848155907,0.8700090281839584,0.8672351849147296,0.867099724886381,0.8674509544348561,0.95
current,d4/la_stack_det_via_lu,100,14.450004916455654,14.420372882039016,14.48235855618271,14.459848995691477,14.445280172050332,14.472798593243407,0.95
current,d4/la_stack_dot,100,0.6818293314288705,0.6803298465625255,0.6835355601580319,0.679658217202584,0.6793690127614522,0.679946504176287,0.95
current,d4/la_stack_inf_norm,100,2.2286522320283804,2.2259723510268774,2.231466437924713,2.2307594494106713,2.2280305784618752,2.231382650160662,0.95
current,d4/la_stack_ldlt,100,21.331450601946145,21.271905032554162,21.388272084130687,21.313902652833498,21.26144663627048,21.36023469118169,0.95
current,d4/la_stack_ldlt_solve,100,35.649794328793035,34.035772814293885,37.21468033289019,38.57318247494764,37.966452324972835,39.70568580429774,0.95
current,d4/la_stack_lu,100,13.97411191698666,13.83537547307445,14.221526674179367,13.851550872115498,13.818557225822083,13.896676976534705,0.95
current,d4/la_stack_lu_solve,100,22.141993600372803,22.086528102014313,22.20460704178199,22.101084470745356,22.061056744915724,22.141461025001234,0.95
current,d4/la_stack_norm2,100,2.4498901520360055,2.4012320544840424,2.500335498201258,2.4365539488890704,2.3493763016831686,2.4573743410159707,0.95
current,d4/la_stack_norm2_scenario_descending,100,2.3635113333366418,2.356167278936432,2.371677938132111,2.3646045666239432,2.3516526823950303,2.368245157986678,0.95
current,d4/la_stack_norm2_scenario_repeated_scale,100,2.3691807630990307,2.362280239515821,2.377360044280275,2.3672056055553954,2.3617409110368017,2.3706202374854897,0.95
current,d4/la_stack_norm2_scenario_sparse,100,1.624189581844343,1.5772389621710567,1.6744707600244706,1.4798441131718305,1.47722116390706,1.4931000290575378,0.95
current,d4/la_stack_norm2_scenario_wide_dynamic_range,100,2.126492987115436,2.12270222569899,2.130467553846789,2.125905700358224,2.123039660778538,2.1296354139825495,0.95
current,d4/la_stack_norm2_sq,100,0.46094071621010635,0.4597216271494595,0.4622424032635898,0.46098710971834556,0.4596169676182012,0.46184721578489674,0.95
current,d4/la_stack_solve_from_ldlt,100,2.5082228117153935,2.4952161791197374,2.5219748357289746,2.466292004820466,2.4653287724875375,2.4692981152227502,0.95
current,d4/la_stack_solve_from_lu,100,3.912003592106022,3.905105785468615,3.9192185439642384,3.901012688961746,3.8951465539297843,3.9114985627114556,0.95
current,d5/la_stack_det,100,49.32757507790552,47.347542555016716,51.29575655003345,40.56701108265984,39.960970632951906,58.523420120829,0.95
current,d5/la_stack_det_from_ldlt,100,0.949372239379726,0.9475938160502473,0.951539315009794,0.9465530113532503,0.9461618430800851,0.9468914598580099,0.95
current,d5/la_stack_det_from_lu,100,1.1034202477770036,1.1021000628992697,1.1051014299875088,1.1022258882248441,1.1018066626065501,1.1026267970329189,0.95
current,d5/la_stack_det_via_lu,100,32.63990982263214,32.56909802026734,32.71001639003037,32.67098724608397,32.61756650531454,32.7261264446304,0.95
current,d5/la_stack_dot,100,0.8357861108657434,0.8330445949765594,0.8382514986740821,0.8406735747771239,0.8384417278918593,0.8413915639428571,0.95
current,d5/la_stack_inf_norm,100,3.4633889914977924,3.4590162278772985,3.4680948209445757,3.468461739464661,3.4643543188091828,3.4699115725837606,0.95
current,d5/la_stack_ldlt,100,42.00552025906497,41.82582556649126,42.18922494821766,41.920528362435114,41.565775051124746,42.28169652351738,0.95
current,d5/la_stack_ldlt_solve,100,45.394599601473786,45.301879377724944,45.49270946922369,45.39200096048505,45.31711117807674,45.51817417795987,0.95
current,d5/la_stack_lu,100,32.41546051543117,32.33374068457798,32.49980565135961,32.34829077301173,32.27907243915408,32.449564416712704,0.95
current,d5/la_stack_lu_solve,100,46.06233885646482,45.98585575361773,46.15231986813667,46.069581545860736,45.98934031334168,46.10755327054004,0.95
current,d5/la_stack_norm2,100,2.8204307805024134,2.789228729225705,2.8529399114850094,2.7398356479963235,2.69768545484654,2.8402021166331455,0.95
current,d5/la_stack_norm2_scenario_descending,100,3.0170744862508236,3.0113028205136496,3.022795914621755,3.0242748633788845,3.0198163473370556,3.0282694964674706,0.95
current,d5/la_stack_norm2_scenario_repeated_scale,100,3.00697436811118,3.0003461575086714,3.013644138125355,3.0138668654931875,3.0037765648026924,3.018208802831971,0.95
current,d5/la_stack_norm2_scenario_sparse,100,1.7566942112993618,1.7313980631153107,1.7870728050811286,1.7173934649287785,1.7148588814138903,1.7198706421653167,0.95
current,d5/la_stack_norm2_scenario_wide_dynamic_range,100,2.5611489636080433,2.5488588289343923,2.5742506883350775,2.5471259873478207,2.5345991531622096,2.5518926661343997,0.95
current,d5/la_stack_norm2_sq,100,0.5251244877374556,0.5247822126790619,0.52558817807047,0.5247937270086926,0.5246094976569313,0.5248671551625129,0.95
current,d5/la_stack_solve_from_ldlt,100,3.9073125485666105,3.899481732789066,3.9151887147212214,3.915318377712727,3.9068641749465898,3.9202612167427335,0.95
current,d5/la_stack_solve_from_lu,100,5.968132938121012,5.96377179263364,5.973767604586228,5.963079103195744,5.961388568907212,5.965567315223554,0.95
current,d64/la_stack_det,100,15078.409406328814,15036.285258884513,15119.526020690719,15106.018503004918,15054.057734204793,15163.643811274509,0.95
current,d64/la_stack_det_from_ldlt,100,22.777673101903794,22.72782439138394,22.825324401024307,22.808443865618703,22.770255276355574,22.843487595675725,0.95
current,d64/la_stack_det_from_lu,100,22.950957384907582,22.90051675942311,23.00245357314444,22.930058618891245,22.88070767054072,23.014567167080276,0.95
current,d64/la_stack_det_via_lu,100,15008.84302424785,14968.714912851507,15045.160456926149,15030.810513404089,14991.915780396666,15063.112156249435,0.95
current,d64/la_stack_dot,100,10.862320842308845,10.818147997916887,10.911609486022517,10.812098556844106,10.792249974842171,10.82771477003118,0.95
current,d64/la_stack_inf_norm,100,614.697278803718,612.1162776479085,617.6255689609404,611.077921663373,610.1954544582995,613.2000962920948,0.95
current,d64/la_stack_ldlt,100,20827.934106671873,20763.18558772249,20895.63924588828,20869.835112127563,20806.83412014231,20910.114247311827,0.95
current,d64/la_stack_ldlt_solve,100,23148.298032877654,23060.41639253489,23238.38182153738,23163.83081672644,23075.668076109938,23257.08228980322,0.95
current,d64/la_stack_lu,100,14410.279989613817,14387.075754375015,14432.604014531165,14416.577154101076,14397.024373638345,14437.318331643002,0.95
current,d64/la_stack_lu_solve,100,17474.24523104705,17427.199245644566,17521.548757008597,17518.63433908046,17364.270300333705,17558.53448275862,0.95
current,d64/la_stack_norm2,100,57.16571711905317,56.999744966375964,57.354370311527106,57.248328289144965,57.070922404207465,57.453359397625256,0.95
current,d64/la_stack_norm2_scenario_descending,100,38.75508437759564,38.63036288920794,38.90248544981816,38.74566298028928,38.6200212117342,38.81885269127398,0.95
current,d64/la_stack_norm2_scenario_repeated_scale,100,38.6739678504246,38.536642693182266,38.83357713792538,38.59461554826143,38.511821343299076,38.66859923507232,0.95
current,d64/la_stack_norm2_scenario_sparse,100,32.86413701999638,32.51717039301879,33.22655533695935,31.722069518443575,31.599739113472012,32.944062236053306,0.95
current,d64/la_stack_norm2_scenario_wide_dynamic_range,100,35.07143181108106,34.9451205717848,35.2159039069312,34.92960855974506,34.8595716577042,34.982624002836374,0.95
current,d64/la_stack_norm2_sq,100,10.877548896453945,10.820771586578722,10.937002038536967,10.769371237225805,10.746926744318502,10.796910052000516,0.95
current,d64/la_stack_solve_from_ldlt,100,1077.9675912940745,1074.760505311113,1081.7055345926315,1075.5276946728513,1072.8316278250918,1079.2417264819958,0.95
current,d64/la_stack_solve_from_lu,100,2485.445810704269,2473.066123446329,2500.5910187042587,2473.956924395353,2468.4816860465116,2477.09608974359,0.95
current,d8/la_stack_det,100,90.31606985598826,90.16206484533792,90.46713311749845,90.46721341396295,90.29118970016347,90.64666257620658,0.95
current,d8/la_stack_det_from_ldlt,100,1.3162808140865563,1.3104039212992111,1.3237500338976695,1.3080130158456464,1.3045225997759817,1.311677276182412,0.95
current,d8/la_stack_det_from_ldlt_balanced_range,100,9.020300745879338,8.988065854108273,9.053617277908408,8.927016958370132,8.919616312364791,8.96163431939294,0.95
current,d8/la_stack_det_from_lu,100,1.4672415461970933,1.464410119950535,1.4709761680649314,1.4641517639853654,1.463546893796079,1.4678499618302665,0.95
current,d8/la_stack_det_from_lu_balanced_range,100,9.10973764802443,9.06521184122659,9.158566337493133,9.1185971673033,8.980198902118858,9.154529351972062,0.95
current,d8/la_stack_det_via_lu,100,84.96029502509003,84.64616678107916,85.29241398327176,84.63130353308149,84.31493877244384,85.03698775991022,0.95
current,d8/la_stack_dot,100,0.9684566444354645,0.9620850015034564,0.975327674529973,0.969184023569733,0.9505539553654709,0.9800507622899179,0.95
current,d8/la_stack_inf_norm,100,8.364476544883047,8.346898961965346,8.38302591837851,8.374841415870733,8.352644711134776,8.384752378199273,0.95
current,d8/la_stack_ldlt,100,90.67346714063581,90.05689170932969,91.3409451575666,90.53750538195877,88.60659163987138,91.39189804181765,0.95
current,d8/la_stack_ldlt_ill_conditioned,100,90.14634626181329,89.72900024063115,90.57257188699678,90.28742418001447,88.77637431062088,91.40517017229347,0.95
current,d8/la_stack_ldlt_solve,100,99.20663657524015,98.95157132056926,99.47729342935729,99.31337905776225,98.88991163025925,99.45941912980462,0.95
current,d8/la_stack_lu,100,83.2231114990113,82.93013602032384,83.52645438246986,82.9464469192276,82.62605824522352,83.29422067181497,0.95
current,d8/la_stack_lu_ill_conditioned,100,82.88255344417266,82.59603186468198,83.19208557963924,82.32824899685752,82.2218307639011,82.57822251241326,0.95
current,d8/la_stack_lu_pivoting,100,90.41878583234511,90.21764587717345,90.61567152440257,90.39213266782889,90.15913095725648,90.69851593990472,0.95
current,d8/la_stack_lu_solve,100,128.58196932381617,128.33484875722627,128.85500670998877,128.36396548733447,128.19900330404025,128.65769248327663,0.95
current,d8/la_stack_norm2,100,4.784714506151764,4.733568340589944,4.841199514474892,4.695370093202566,4.6542130949115315,4.827849734142444,0.95
current,d8/la_stack_norm2_scenario_descending,100,4.840497925123319,4.82552992762712,4.857746611400221,4.826341062923728,4.818881333958061,4.832997357988833,0.95
current,d8/la_stack_norm2_scenario_repeated_scale,100,4.8314047961900615,4.817151380834234,4.847352688846977,4.822445169881478,4.812812068366978,4.828417297763505,0.95
current,d8/la_stack_norm2_scenario_sparse,100,2.5675455057262964,2.5256327537712475,2.613263836235371,2.4666056498880256,2.462686800481667,2.469178231799872,0.95
current,d8/la_stack_norm2_scenario_wide_dynamic_range,100,4.213304368263902,4.205640065134331,4.221299874051221,4.217204719757027,4.212700775325741,4.222426143509827,0.95
current,d8/la_stack_norm2_sq,100,0.6675132030349328,0.6660082239791488,0.6692025818196075,0.6653353212230229,0.6649370103659074,0.6660386085658094,0.95
current,d8/la_stack_solve_from_ldlt,100,8.059693879493825,8.045494380791135,8.076199436881287,8.049514444977088,8.042101759255356,8.055572801898023,0.95
current,d8/la_stack_solve_from_lu,100,13.494807802112032,13.47244052643705,13.517584909576179,13.485412752904509,13.460706408754657,13.51681439600249,0.95
current,det4_diagnostic_dense/det_exact,100,375.44474521642786,374.6645939960575,376.36567653031926,374.69198917166074,374.13528213217654,375.3318542780624,0.95
current,det4_diagnostic_dense/det_sign_exact,100,6.96292261248623,6.958734756845786,6.968009728841178,6.960286235114561,6.958237786118748,6.96179471478062,0.95
current,det4_diagnostic_large_entries/det_exact,100,858.7448655581128,856.5410283226663,861.1878815590944,857.2817559740872,854.173636325696,860.0681624306164,0.95
current,det4_diagnostic_large_entries/det_sign_exact,100,844.3044736770871,840.287289080327,848.7018698914317,835.8910995316321,834.5748876629443,838.1651243493349,0.95
current,det4_diagnostic_mixed_exponents/det_exact,100,1752.9796811345004,1750.3203619135943,1755.6128973096158,1754.5654627985,1751.698236488201,1756.9046922462135,0.95
current,det4_diagnostic_mixed_exponents/det_sign_exact,100,29.028904375375387,29.0036118285566,29.060063009924846,29.001418565359785,28.979501373183826,29.015717481630457,0.95
current,det4_diagnostic_near_singular_negative/det_exact,100,1122.848211919686,1120.6328825200349,1125.147575937757,1122.0429188231062,1118.8579127508992,1124.5955879139242,0.95
current,det4_diagnostic_near_singular_negative/det_sign_exact,100,1197.645006764904,1194.2849521064504,1201.1793196405383,1196.178961309141,1193.2477587612061,1201.5064416024074,0.95
current,det4_diagnostic_near_singular_positive/det_exact,100,1123.4861629147724,1121.521797362029,1125.4934847357433,1122.3911868215025,1120.6812358437146,1124.0977013253344,0.95
current,det4_diagnostic_near_singular_positive/det_sign_exact,100,1197.0018321458922,1194.5967722905145,1199.4206415178658,1198.8081127085811,1196.9131483715319,1200.1987361369422,0.95
current,det4_diagnostic_singular/det_exact,100,372.716603577122,371.9855872258021,373.4729498138388,372.80193878712424,371.5158296826584,373.73512720969717,0.95
current,det4_diagnostic_singular/det_sign_exact,100,410.4108009957511,407.8150570608698,413.1730276481214,409.14424552574945,406.5084068936528,411.59140517951994,0.95
current,det4_diagnostic_sparse/det_exact,100,208.86804553777358,208.63172050113502,209.12575794646835,208.5449168592707,208.3639336158192,208.9347294827947,0.95
current,det4_diagnostic_sparse/det_sign_exact,100,6.500125058469727,6.486621224401996,6.515388426456045,6.475218281357395,6.468586906442241,6.483094931921171,0.95
current,exact_d2/det,100,0.448334327787944,0.44392661479360357,0.4532602303843013,0.43781032284173355,0.4374999494141236,0.4384717520724585,0.95
current,exact_d2/det_direct,100,0.4494573476318893,0.4445735868182595,0.45483530548805606,0.43764312485011625,0.43733467617422683,0.4380725956326307,0.95
current,exact_d2/det_direct_with_errbound,100,1.7093910963015742,1.7071874799796893,1.7120081816384691,1.707301370576697,1.706392365043203,1.7079640536051874,0.95
current,exact_d2/det_errbound,100,1.6116689136490263,1.6108952832564634,1.6129705816836764,1.61087434662331,1.6106233733633932,1.611066854770069,0.95
current,exact_d2/det_exact,100,100.58953028748263,100.40235353622207,100.8062677106659,100.38341954181654,100.25860606191442,100.45874695478162,0.95
current,exact_d2/det_exact_f64_result,100,73.36749039755806,73.16846934580003,73.59232149152719,73.1213778250135,72.94808642430499,73.23938371865611,0.95
current,exact_d2/det_exact_rounded_f64,100,73.52411702129139,73.35858417894762,73.71334163264616,73.28986935803702,73.20382053330754,73.4270084741141,0.95
current,exact_d2/det_sign_exact,100,2.9735092658808533,2.9707948785298086,2.976536616068005,2.972744800938455,2.9711808333049,2.9736586699857512,0.95
current,exact_d2/solve_exact,100,7107.171588024752,7095.1122687357965,7119.3692477886425,7103.236559696343,7091.384964514652,7121.540946181428,0.95
current,exact_d2/solve_exact_f64_result,100,7336.128031366701,7324.304973011941,7348.844521173024,7326.972864819005,7315.699840005447,7338.10310828877,0.95
current,exact_d2/solve_exact_rounded_f64,100,7561.381168038106,7547.065175152501,7577.909401613494,7545.505944737936,7536.420801250207,7556.27417794971,0.95
current,exact_d3/det,100,0.8316242084393357,0.8287080870134977,0.8346712699234563,0.8205262414403394,0.8199799374461267,0.8295844554790524,0.95
current,exact_d3/det_direct,100,0.8468389797591033,0.8455008257133515,0.8482535464254791,0.8432414275976221,0.8430395941139964,0.8435849574105542,0.95
current,exact_d3/det_direct_with_errbound,100,3.3406769080107743,3.3357716248023705,3.3467473160639436,3.3336258051064513,3.3312802100185195,3.3352301728199736,0.95
current,exact_d3/det_errbound,100,3.3053428259809237,3.301734327220677,3.3098882464350075,3.301854619913609,3.300750512987338,3.3025672634616923,0.95
current,exact_d3/det_exact,100,339.9586870966679,339.2510571195371,340.7293183220157,338.868923097078,338.46532875716184,339.38967754066,0.95
current,exact_d3/det_exact_f64_result,100,315.80458320078816,314.5293608054513,317.23527167964306,313.9413507267287,313.1984278780776,314.3903124768787,0.95
current,exact_d3/det_exact_rounded_f64,100,318.0521336272898,317.15237892806044,319.0257167945184,317.1925903651616,315.9744710708117,318.1826393981224,0.95
current,exact_d3/det_sign_exact,100,4.713300766695529,4.70513899439692,4.7232868561931785,4.705757595319605,4.702250463114307,4.707522923587225,0.95
current,exact_d3/solve_exact,100,30582.771929509352,30533.624764517113,30632.789943791457,30602.10746352413,30507.73347107438,30673.99090909091,0.95
current,exact_d3/solve_exact_f64_result,100,30928.93679551704,30871.554996005274,30989.3271512046,30919.16288553989,30857.226107226106,30964.459375,0.95
current,exact_d3/solve_exact_rounded_f64,100,31642.871874113272,31575.89853266038,31715.448854709135,31603.564459930312,31551.840401785714,31717.042520491803,0.95
current,exact_d4/det,100,3.2075210940073493,3.205606029069311,3.209960550461681,3.2078095214172038,3.207275625470412,3.2084480682172294,0.95
current,exact_d4/det_direct,100,2.383840981174678,2.3795042518276794,2.388728882827854,2.3803328914201023,2.3785431672403856,2.381988121518936,0.95
current,exact_d4/det_direct_with_errbound,100,6.835687398428239,6.824533530383488,6.848231013627901,6.821028261215035,6.815559989908025,6.8248932760945085,0.95
current,exact_d4/det_errbound,100,6.741558519761019,6.733852855278231,6.750437883886153,6.729836734415867,6.727625763994841,6.733718203008371,0.95
current,exact_d4/det_exact,100,1009.7674337409617,1007.7992155284875,1011.8042078739339,1009.5950009915389,1006.5170470604861,1011.3975830359977,0.95
current,exact_d4/det_exact_f64_result,100,1056.486652470474,1048.7663217638283,1067.0991210493626,1055.9986747178903,1051.7988398630657,1058.7444400467414,0.95
current,exact_d4/det_exact_rounded_f64,100,1011.4731450330395,1009.4583845277967,1013.5703566241278,1009.2358341763912,1006.8119404466618,1011.4477925130099,0.95
current,exact_d4/det_sign_exact,100,8.002961406053776,7.990348241243119,8.018195688501132,7.985573115804334,7.982308406661035,7.986920977775807,0.95
current,exact_d4/solve_exact,100,79333.37282609925,79185.7759094004,79491.977739461,79178.4623076923,79081.10126582278,79340.80466891357,0.95
current,exact_d4/solve_exact_f64_result,100,79407.44710261577,79208.15832085327,79634.07966036651,79336.07189163039,79125.99469496022,79496.14423076923,0.95
current,exact_d4/solve_exact_rounded_f64,100,80023.92074302095,79847.24423250287,80216.4717629966,79863.49631190728,79656.36820512821,80046.13210702341,0.95
current,exact_d5/det,100,25.0350494847865,24.968434583042455,25.10151459604931,25.043344471514565,24.995479405101708,25.135772398764903,0.95
current,exact_d5/det_exact,100,3753.960068674431,3734.727517045418,3773.5943422265614,3738.1248015873016,3705.1132756132756,3794.3482912104237,0.95
current,exact_d5/det_exact_f64_result,100,3561.56694684171,3550.9210438569066,3574.1926581265398,3544.652719389012,3538.908739177489,3552.1158175750834,0.95
current,exact_d5/det_exact_rounded_f64,100,3603.268289720171,3595.9825487833577,3610.7356736387615,3605.8623239750445,3595.887313258637,3610.711249482187,0.95
current,exact_d5/det_sign_exact,100,3766.0394361869835,3737.0161103195173,3797.4310579737685,3704.8721509769766,3697.9076282866836,3710.828306845201,0.95
current,exact_d5/solve_exact,100,157902.8432773604,157563.10523133018,158291.09431214596,157602.5066181078,157283.09714285715,157888.85194805195,0.95
current,exact_d5/solve_exact_f64_result,100,157835.27235861847,157513.4831217454,158192.48447554576,157719.6392605634,157381.78413907666,157932.54017857142,0.95
current,exact_d5/solve_exact_rounded_f64,100,166131.58910639054,164033.871041037,169278.04206813427,164264.16929499072,163539.7906066536,164868.8833161912,0.95
current,exact_hilbert_4x4/det_exact,100,1044.9636074495884,1043.2811759589113,1046.7688629336094,1044.8245046831648,1042.7718832891246,1046.4298433048434,0.95
current,exact_hilbert_4x4/det_sign_exact,100,7.983051122332573,7.975180614425884,7.994137250456467,7.974913489427017,7.972913379580798,7.976321590355597,0.95
current,exact_hilbert_4x4/solve_exact,100,59617.23939717109,59525.70170276097,59720.98367228197,59562.646813725485,59472.56787330317,59626.23697478992,0.95
current,exact_hilbert_4x4/solve_exact_f64_result,100,59687.48655137636,59557.41311693218,59827.32783645422,59742.61845588236,59589.82071339174,59791.27646461933,0.95
current,exact_hilbert_4x4/solve_exact_rounded_f64,100,60615.54613886002,60437.09146835908,60804.75313665774,60472.54090909091,60259.43647058823,60619.0091503268,0.95
current,exact_hilbert_5x5/det_exact,100,3756.432309846849,3745.0153451498186,3769.464639277731,3750.008168828238,3738.7509505703424,3755.165599359616,0.95
current,exact_hilbert_5x5/det_sign_exact,100,3925.7189134077826,3918.8763319899786,3932.6054614183445,3918.590754664439,3915.3213383838383,3927.16503968254,0.95
current,exact_hilbert_5x5/solve_exact,100,123006.06662845088,122739.0931884471,123320.30992883784,122818.14453584018,122529.32592592592,122952.81481481482,0.95
current,exact_hilbert_5x5/solve_exact_f64_result,100,122283.83820805306,122099.05542302792,122483.5607924633,122061.4738379684,121913.71124018705,122401.700152207,0.95
current,exact_hilbert_5x5/solve_exact_rounded_f64,100,125133.10972923864,124700.60098363015,125616.02154620198,124521.4581136221,124212.54322292695,124643.6507936508,0.95
current,exact_large_entries_3x3/det_exact,100,345.5511697865632,343.30877598036625,347.96562434736,341.6098434235628,340.5692485684668,343.93572909467866,0.95
current,exact_large_entries_3x3/det_sign_exact,100,336.280364900678,334.9919982395395,337.6503847852954,334.8971678999295,334.13514600454624,337.04329802912594,0.95
current,exact_large_entries_3x3/solve_exact,100,93269.52377960134,93059.13297794665,93498.3868562154,93137.35240435241,92931.4738292011,93303.57142857143,0.95
current,exact_large_entries_3x3/solve_exact_f64_result,100,93520.87889039196,93385.97784018132,93674.97395655897,93374.05808247712,93240.58769513314,93459.25033880847,0.95
current,exact_large_entries_3x3/solve_exact_rounded_f64,100,93392.50503125998,93305.7062359648,93501.30199366035,93318.68042264752,93204.67032967033,93376.48234500174,0.95
current,exact_near_singular_3x3/det_exact,100,334.8998365764963,333.8022039007333,336.05840340234926,334.5203922663559,333.82858197073244,336.319298096533,0.95
current,exact_near_singular_3x3/det_sign_exact,100,363.36429950123585,362.0627321611485,364.79891512655087,360.9107574552844,360.5224990429072,361.6493583797155,0.95
current,exact_near_singular_3x3/solve_exact,100,2807.805069711636,2797.3315025438587,2819.8020973539415,2809.473142563902,2799.9518226600985,2813.585387945388,0.95
current,exact_near_singular_3x3/solve_exact_f64_result,100,2816.2945587162076,2808.100600746016,2825.0489322991893,2806.3639808864723,2799.1107401864856,2814.8926511781183,0.95
current,exact_near_singular_3x3/solve_exact_rounded_f64,100,2804.0986771997455,2792.6747522879077,2816.4566651973178,2784.062779974001,2772.294225321421,2800.5754249291786,0.95
current,exact_random_corpus_d2/det_exact,100,3200.9400977861433,3172.1491121864656,3246.931789048983,3157.536648462783,3142.491100323625,3184.1920967467213,0.95
current,exact_random_corpus_d2/det_sign_exact,100,150.18942657950697,149.313271780776,151.17505588916504,149.8756731627712,148.86689827636766,150.89118172537007,0.95
current,exact_random_corpus_d2/solve_exact,100,78712.15808376804,78546.43104221263,78896.39077848685,78458.42516722408,78373.11312217194,78647.39964633068,0.95
current,exact_random_corpus_d2/solve_exact_f64_result,100,80298.54951019395,79982.65175827578,80683.15974418505,79810.54097465034,79665.21794871795,79956.22171945701,0.95
current,exact_random_corpus_d2/solve_exact_rounded_f64,100,82237.71306384573,82078.45040581276,82402.7632296221,82228.78896817469,82016.56611927398,82365.14624881292,0.95
current,exact_random_corpus_d3/det_exact,100,8517.421423809817,8488.027932537374,8548.461303738595,8469.841430544764,8444.49698605488,8491.39093273876,0.95
current,exact_random_corpus_d3/det_sign_exact,100,229.1039871781915,228.52299934037543,229.7251910735557,227.85050023693248,227.4222421578753,228.3404107611729,0.95
current,exact_random_corpus_d3/solve_exact,100,241150.40738424516,240403.907426232,241958.2374879105,239624.88788907754,239139.02666666667,240192.04545454544,0.95
current,exact_random_corpus_d3/solve_exact_f64_result,100,241872.9310748343,241178.00268269947,242627.78371212832,240544.78857142857,240004.46471264368,241284.83412698412,0.95
current,exact_random_corpus_d3/solve_exact_rounded_f64,100,243829.13815502153,243132.11904824647,244559.00834991594,242671.08039215687,242062.56701754386,243321.6918625678,0.95
current,exact_random_corpus_d4/det_exact,100,21303.0742780812,21225.098513891535,21390.762339035216,21196.339806629563,21163.533822039455,21270.82978723404,0.95
current,exact_random_corpus_d4/det_sign_exact,100,457.578430954531,455.37520410357627,459.9955127958968,454.5566540631005,452.65036491023204,456.0180995475113,0.95
current,exact_random_corpus_d4/solve_exact,100,539699.6658421434,537562.1343562746,542057.4899392949,535371.3718434344,533843.75,537107.061875,0.95
current,exact_random_corpus_d4/solve_exact_f64_result,100,535105.5738367602,534359.9834086625,535899.1553133661,534530.0083762887,533886.6849800621,535332.8804347826,0.95
current,exact_random_corpus_d4/solve_exact_rounded_f64,100,535823.0637890326,535340.640936159,536382.921467213,535394.394736842,535087.6551724138,535958.797752809,0.95
current,exact_random_corpus_d5/det_exact,100,56217.81422738757,56035.685442528156,56425.098726639,55994.694210032816,55881.40189125296,56126.51728395062,0.95
current,exact_random_corpus_d5/det_sign_exact,100,61947.00858486408,61794.008576708504,62078.018199548555,61934.375744853736,61875.2203525641,62040.81593406593,0.95
current,exact_random_corpus_d5/solve_exact,100,1046646.3067633905,1044681.421375756,1049078.694479602,1044342.0280864197,1042954.4758064516,1044963.9105263158,0.95
current,exact_random_corpus_d5/solve_exact_f64_result,100,1045420.7193984773,1043424.5859941589,1047655.8213844076,1041768.932346723,1041145.4042553192,1043707.0707070708,0.95
current,exact_random_corpus_d5/solve_exact_rounded_f64,100,1047206.1978465404,1045449.4518814485,1049278.1503789267,1044969.8439878235,1044289.2083333333,1046173.4258241758,0.95
current,lu_solve_dense_ill_conditioned_d16/la_stack_lu_solve,100,650.1169328147862,648.3583918009582,652.0430012419333,648.133567232376,646.2967264397261,649.4945642779815,0.95
current,lu_solve_dense_ill_conditioned_d16/la_stack_solve_from_lu,100,187.5302327280541,187.0985542146961,188.01056004697972,187.79626293125415,187.14721020351269,188.08348002708192,0.95
current,lu_solve_dense_ill_conditioned_d2/la_stack_lu_solve,100,2.0716493703778687,2.06393742800012,2.0802977681141224,2.0531381541650093,2.0523501452388047,2.054629027188926,0.95
current,lu_solve_dense_ill_conditioned_d2/la_stack_solve_from_lu,100,1.3813824817812932,1.3775055171306285,1.3851126100333617,1.3872926880616978,1.3854843298300028,1.3888481955004435,0.95
current,lu_solve_dense_ill_conditioned_d3/la_stack_lu_solve,100,10.941320183620142,10.919519403181416,10.964345508282825,10.923312877457043,10.907849978143805,10.948270793970122,0.95
current,lu_solve_dense_ill_conditioned_d3/la_stack_solve_from_lu,100,2.692035868033128,2.6851908930235475,2.6992008167734562,2.691061520968627,2.6789518382360002,2.7024183138224487,0.95
current,lu_solve_dense_ill_conditioned_d32/la_stack_lu_solve,100,2819.369995323307,2811.844792650096,2827.323194118464,2812.8207037894535,2802.76303641119,2824.41076368122,0.95
current,lu_solve_dense_ill_conditioned_d32/la_stack_solve_from_lu,100,787.0959055332482,784.5724322388662,790.1209716327868,786.1094462740161,782.6816340905089,788.0677496038035,0.95
current,lu_solve_dense_ill_conditioned_d4/la_stack_lu_solve,100,23.12362971493078,23.084095973713737,23.16599215985602,23.110302734375,23.071622248211824,23.145314659844406,0.95
current,lu_solve_dense_ill_conditioned_d4/la_stack_solve_from_lu,100,4.853724615243992,4.842271198684249,4.86552943866771,4.856077738739995,4.850419154769683,4.859076425266606,0.95
current,lu_solve_dense_ill_conditioned_d5/la_stack_lu_solve,100,46.31676748317887,46.24607007455032,46.39456764989695,46.30715504812136,46.238879920475505,46.342611633274245,0.95
current,lu_solve_dense_ill_conditioned_d5/la_stack_solve_from_lu,100,7.323448716522401,7.304850202995579,7.343731229686461,7.306305494676991,7.299819194989201,7.313499240841497,0.95
current,lu_solve_dense_ill_conditioned_d64/la_stack_lu_solve,100,17075.42621353481,17039.74526537537,17113.777006812572,17051.00580118411,17025.564430980725,17080.347842261905,0.95
current,lu_solve_dense_ill_conditioned_d64/la_stack_solve_from_lu,100,2496.600140669142,2485.434140807319,2510.188700559227,2484.3722622833957,2480.9875,2490.6845,0.95
current,lu_solve_dense_ill_conditioned_d8/la_stack_lu_solve,100,130.09843006988848,129.73955973109645,130.48185870967757,129.75699671063845,129.46037870266215,130.0270557720689,0.95
current,lu_solve_dense_ill_conditioned_d8/la_stack_solve_from_lu,100,14.159039719692421,14.139801585548867,14.17963563667696,14.161150520703275,14.137177203786896,14.179195530428775,0.95
current,lu_solve_pivoting_d16/la_stack_lu_solve,100,772.8778375988276,771.394168639116,774.437249954249,771.008723485877,770.2456420195081,772.8070960535528,0.95
current,lu_solve_pivoting_d16/la_stack_solve_from_lu,100,189.32851617984724,188.93422052850158,189.7585383633278,189.18747850169552,188.84258369391435,189.6727082041786,0.95
current,lu_solve_pivoting_d2/la_stack_lu_solve,100,2.092406060738136,2.0817086416682944,2.103812061263381,2.0629499325219216,2.057337517222705,2.0731879511218922,0.95
current,lu_solve_pivoting_d2/la_stack_solve_from_lu,100,1.3651069885847031,1.360231116860327,1.3701500399033884,1.3553761525379082,1.350397948716227,1.3673334497156866,0.95
current,lu_solve_pivoting_d3/la_stack_lu_solve,100,22.972467022609184,22.82639380976437,23.12114490724972,22.89767356952229,22.721150474669216,23.023192598555404,0.95
current,lu_solve_pivoting_d3/la_stack_solve_from_lu,100,2.704159876574264,2.6978315086075293,2.7110192345602244,2.707793829245041,2.703911011069322,2.7103347080020526,0.95
current,lu_solve_pivoting_d32/la_stack_lu_solve,100,3138.024825109782,3132.509932187873,3143.8569121128403,3135.2960378734265,3131.7244359674296,3140.4225053078558,0.95
current,lu_solve_pivoting_d32/la_stack_solve_from_lu,100,788.3766454374793,784.7104160785822,792.5903037017378,785.1929714445121,782.8409092686936,788.1604865222073,0.95
current,lu_solve_pivoting_d4/la_stack_lu_solve,100,39.36896192327785,39.234639513261385,39.51448716532799,39.184138941992096,39.12771016799552,39.29972914048219,0.95
current,lu_solve_pivoting_d4/la_stack_solve_from_lu,100,4.8649225654493,4.856744625604045,4.874915762593233,4.855571566408048,4.8512780171744865,4.860303259880972,0.95
current,lu_solve_pivoting_d5/la_stack_lu_solve,100,83.66795676911599,83.41545784196019,83.93889664242725,83.50623108056216,83.27900427487825,83.8860379651875,0.95
current,lu_solve_pivoting_d5/la_stack_solve_from_lu,100,7.319195973533782,7.299535315930821,7.343237135316903,7.282466065887508,7.273069364052765,7.307097373883106,0.95
current,lu_solve_pivoting_d64/la_stack_lu_solve,100,18379.570767331923,18329.830142088165,18436.23284062064,18317.671126087225,18280.58754273504,18375.929423076923,0.95
current,lu_solve_pivoting_d64/la_stack_solve_from_lu,100,2491.655470004219,2480.3801356934323,2505.0348929551024,2480.1778564057204,2473.6073426460207,2487.613690524314,0.95
current,lu_solve_pivoting_d8/la_stack_lu_solve,100,198.17739881960892,197.85750455575032,198.50513248280126,198.12133622645337,197.77808423648517,198.2932202062905,0.95
current,lu_solve_pivoting_d8/la_stack_solve_from_lu,100,14.123505258637683,14.096102823830234,14.1524914319982,14.13080005364339,14.113941449579002,14.142265089976355,0.95
current,rational_input_d2/det_big_rational_gaussian,100,1183.7425011254534,1181.2503370095587,1186.644456502572,1179.781670746634,1178.8611471070353,1180.5365686944635,0.95
current,rational_input_d2/det_row_cleared_bareiss,100,191.43276304507566,191.16425745484176,191.70324783505401,191.30687653285804,190.8536299834349,191.99277375769552,0.95
current,rational_input_d2/det_sign_row_cleared_bareiss,100,82.45027369696477,82.2805000199284,82.6449627341068,82.2647632356479,82.1780923875856,82.42679195275248,0.95
current,rational_input_d2/solve_big_rational_gaussian,100,2232.033401774756,2225.09793806209,2241.5092248281717,2220.772367966738,2219.122622981777,2224.872231139647,0.95
current,rational_input_d2/solve_row_cleared_bareiss,100,968.6827523888079,967.3729624061455,970.2926900250034,967.4646855244368,966.4846857506941,968.1503587736464,0.95
current,rational_input_d3/det_big_rational_gaussian,100,4900.487579716576,4888.841548107599,4914.502330861419,4886.058645889219,4875.046179991134,4898.523650281695,0.95
current,rational_input_d3/det_row_cleared_bareiss,100,579.7316758080707,578.7263671200396,580.9387394516743,578.5985219975588,577.9842848803269,579.1021693689622,0.95
current,rational_input_d3/det_sign_row_cleared_bareiss,100,369.0871027971696,368.2695050339321,369.92429167069713,368.64189398809697,367.84755843660724,369.614621034703,0.95
current,rational_input_d3/solve_big_rational_gaussian,100,8448.041370329787,8438.916405026626,8457.338336434568,8443.032580254629,8434.24440677966,8457.803746654772,0.95
current,rational_input_d3/solve_row_cleared_bareiss,100,2513.367894166846,2504.906375854786,2523.1701057409173,2500.499612416115,2494.8609034560004,2505.587346273522,0.95
current,rational_input_d4/det_big_rational_gaussian,100,14183.274086828154,14159.99849702394,14207.954978463204,14158.317917888562,14137.330102040816,14187.385531135531,0.95
current,rational_input_d4/det_row_cleared_bareiss,100,1167.1212243982886,1164.842271814393,1169.842390076096,1165.5311528391426,1163.9019594471722,1166.7706199106908,0.95
current,rational_input_d4/det_sign_row_cleared_bareiss,100,770.276077463477,768.7490358092755,771.9717264845486,769.0789354105809,767.2085897737061,770.6653746770025,0.95
current,rational_input_d4/solve_big_rational_gaussian,100,24970.995259123243,24928.85981634472,25016.838074453815,24939.264128599803,24895.645317782284,24977.715657013396,0.95
current,rational_input_d4/solve_row_cleared_bareiss,100,5528.811930540862,5517.953469576899,5541.030335119973,5510.746250248496,5505.704878609906,5522.200143340195,0.95
current,rational_input_d5/det_big_rational_gaussian,100,28193.74107005983,26918.196140213196,29573.722068250296,24971.810975609755,24546.333333333332,25750.66056910569,0.95
current,rational_input_d5/det_row_cleared_bareiss,100,2155.677887168661,2151.6583109341136,2159.820351253343,2149.319083760125,2145.5409961409146,2155.393947144075,0.95
current,rational_input_d5/det_sign_row_cleared_bareiss,100,1588.7988401370114,1585.1831160060979,1592.5043308508166,1584.107474509711,1580.4311137268091,1587.3894778864872,0.95
current,rational_input_d5/solve_big_rational_gaussian,100,41216.73193862263,41134.596285631356,41318.33917562136,41109.80979345956,41065.769230769234,41144.20801861702,0.95
current,rational_input_d5/solve_row_cleared_bareiss,100,9724.332928040885,9693.480797637892,9758.113672593661,9673.317355757481,9644.892271011082,9717.70213592233,0.95
current,rational_input_d6/det_big_rational_gaussian,100,57891.50832335691,57810.57365750598,57971.92396750667,57912.00173611111,57836.38888888889,58015.86008230453,0.95
current,rational_input_d6/det_row_cleared_bareiss,100,3757.867711261072,3746.788304000867,3771.928918999995,3753.0803145963455,3747.6153508059574,3761.336770100129,0.95
current,rational_input_d6/det_sign_row_cleared_bareiss,100,3096.965169424275,3090.7769068620046,3103.2121301375146,3095.7158085258397,3087.1125444329778,3104.3652139542537,0.95
current,rational_input_d6/solve_big_rational_gaussian,100,92475.99558151547,92375.91049246475,92577.84527584727,92495.04895302773,92347.2212121212,92598.13068181818,0.95
current,rational_input_d6/solve_row_cleared_bareiss,100,18054.403518854873,18032.567515337658,18079.546234373604,18029.857435977454,18013.57671092952,18047.45338491296,0.95
current,rational_input_d7/det_big_rational_gaussian,100,112714.59476290218,112453.0983221397,113004.87160266025,112353.15160139647,112247.51490514904,112501.75061728395,0.95
current,rational_input_d7/det_row_cleared_bareiss,100,6187.712933471385,6158.1447061729505,6222.186674826605,6146.45569258195,6136.912735339507,6161.782420768532,0.95
current,rational_input_d7/det_sign_row_cleared_bareiss,100,5319.210841777289,5299.69646107898,5345.778480923848,5301.622762861061,5290.031442080378,5312.831750378438,0.95
current,rational_input_d7/solve_big_rational_gaussian,100,165761.299170393,165322.02922935685,166246.74859992482,165068.65763546797,164882.5628524436,165480.4257936508,0.95
current,rational_input_d7/solve_row_cleared_bareiss,100,29471.250551854424,29436.445392101527,29507.98832958493,29461.859337068163,29440.257352941175,29500.74031563845,0.95
current,rational_input_d8/det_big_rational_gaussian,100,208098.7769328558,202644.32733845172,214053.69426593362,194975.51470588235,193238.88771929825,197899.14772727274,0.95
current,rational_input_d8/det_row_cleared_bareiss,100,9335.145633559106,9310.09512024837,9362.425746369658,9307.47716174118,9293.28765485764,9327.78308773733,0.95
current,rational_input_d8/det_sign_row_cleared_bareiss,100,8489.130207161908,8463.867657454026,8520.5407891869,8471.447874021404,8463.675808913309,8479.083287870522,0.95
current,rational_input_d8/solve_big_rational_gaussian,100,273056.9641901282,272358.0486318337,274043.94000353024,272399.82469223486,272067.51851851854,272646.1037745098,0.95
current,rational_input_d8/solve_row_cleared_bareiss,100,43678.7235343862,43523.5340873408,43854.22714612346,43365.191706517515,43314.05629877369,43432.587615283264,0.95
current,rational_input_wide1024_d2/det_big_rational_gaussian,100,196468.70479447898,196077.8450584045,196902.67426820617,195953.3276771163,195746.31022970087,196205.78644688646,0.95
current,rational_input_wide1024_d2/det_row_cleared_bareiss,100,42472.45372210485,42393.99883102421,42562.27892490248,42378.76142473118,42282.319645398486,42468.905303030304,0.95
current,rational_input_wide1024_d2/det_sign_row_cleared_bareiss,100,1160.3628122184668,1154.3896985939034,1166.865684221742,1146.7892954704057,1145.02962398495,1148.1467598551649,0.95
current,rational_input_wide1024_d2/solve_big_rational_gaussian,100,203614.84685429544,203283.11215266635,204017.71729797556,203338.8208080808,202928.2258064516,203652.07291666666,0.95
current,rational_input_wide1024_d2/solve_row_cleared_bareiss,100,3930.5816114889403,3926.018199967716,3935.4884697641637,3931.3894707883155,3922.9910714285716,3934.975040942303,0.95
current,rational_input_wide1024_d3/det_big_rational_gaussian,100,615079.881154909,613822.8152707092,616492.9603304204,613538.8357638059,612853.8582089553,614398.483974359,0.95
current,rational_input_wide1024_d3/det_row_cleared_bareiss,100,70235.84182344162,70171.07802044073,70309.88794187926,70155.60124320124,70112.64,70212.5,0.95
current,rational_input_wide1024_d3/det_sign_row_cleared_bareiss,100,5004.310864246352,4981.0004686904695,5029.649866404101,4952.514789511062,4942.16288338243,4975.8750244730145,0.95
current,rational_input_wide1024_d3/solve_big_rational_gaussian,100,708664.1991283088,707123.6229594586,710365.2480068383,707525.4030720339,705507.6710526316,709460.5535714285,0.95
current,rational_input_wide1024_d3/solve_row_cleared_bareiss,100,15746.26736570302,15688.287825233047,15808.299375541801,15662.974551491723,15586.372312638136,15713.209150326797,0.95
current,rational_input_wide1024_d4/det_big_rational_gaussian,100,1471148.383778773,1468037.250994542,1474635.82083455,1468165.7322222223,1465292.9992668622,1470313.121212121,0.95
current,rational_input_wide1024_d4/det_row_cleared_bareiss,100,112438.35867157731,112342.95611227133,112559.11656331601,112344.33333333334,112262.51526251527,112437.11111111111,0.95
current,rational_input_wide1024_d4/det_sign_row_cleared_bareiss,100,11199.20554851038,11124.02312716721,11279.273655090758,11041.839900231347,10989.087128154028,11149.922645981469,0.95
current,rational_input_wide1024_d4/solve_big_rational_gaussian,100,1703801.6774582493,1701153.503412941,1706753.0525263676,1703047.1674107143,1697651.0416666667,1705616.8347569956,0.95
current,rational_input_wide1024_d4/solve_row_cleared_bareiss,100,46525.83362987272,46370.33200162997,46691.17612865581,46137.23870778813,46080.38192904656,46206.57076118326,0.95
current,rational_input_wide1024_d5/det_big_rational_gaussian,100,2650197.189565217,2493003.6495869556,2821148.5384673914,2242718.304347826,2238474.6304347827,2267360.4782608696,0.95
current,rational_input_wide1024_d5/det_row_cleared_bareiss,100,189630.480076288,189426.43422339731,189882.48225740483,189298.3869047619,189212.1641599413,189445.54013480392,0.95
current,rational_input_wide1024_d5/det_sign_row_cleared_bareiss,100,45298.43667820678,45227.74610973652,45367.81161644463,45392.76411931818,45309.1067616096,45440.92738464187,0.95
current,rational_input_wide1024_d5/solve_big_rational_gaussian,100,2589614.1044999994,2585300.4184999997,2594393.1593875,2584494.8,2580709.4000000004,2586922.9,0.95
current,rational_input_wide1024_d5/solve_row_cleared_bareiss,100,99326.1345570528,99110.056625808,99588.35578440878,99106.48181818181,99062.59130434782,99212.40777777777,0.95
current,rational_input_wide1024_d6/det_big_rational_gaussian,100,4057155.7346153837,4051405.175519231,4063171.9544230765,4053189.076923077,4045362.153846154,4061708.3076923075,0.95
current,rational_input_wide1024_d6/det_row_cleared_bareiss,100,308078.16564853693,307581.3947533202,308673.8498635387,307589.6798650568,307438.5080645161,307771.6979166667,0.95
current,rational_input_wide1024_d6/det_sign_row_cleared_bareiss,100,108349.88061168011,108118.37378861768,108552.53378834018,108458.80404554264,108309.14032258064,108672.22222222222,0.95
current,rational_input_wide1024_d6/solve_big_rational_gaussian,100,4657774.466363638,4648068.668772726,4669403.295159088,4648240.5,4644424.272727273,4652428.090909091,0.95
current,rational_input_wide1024_d6/solve_row_cleared_bareiss,100,221049.31005129032,220211.47801716177,222146.8335598597,220382.94125615765,219966.69859068628,220569.66873040755,0.95
current,rational_input_wide1024_d7/det_big_rational_gaussian,100,6677420.30875,6671186.2494375,6683619.1429375,6683390.625,6674552.125,6687427.125,0.95
current,rational_input_wide1024_d7/det_row_cleared_bareiss,100,512932.29556433554,512469.8073140853,513423.3705654076,512914.70192307694,512460.5714285714,513490.13620448177,0.95
current,rational_input_wide1024_d7/det_sign_row_cleared_bareiss,100,239371.37805995144,238929.24354760282,239825.026969891,238958.289498645,238517.21333333335,239342.70091036416,0.95
current,rational_input_wide1024_d7/solve_big_rational_gaussian,100,7496077.792857141,7489020.581964286,7503058.949464289,7498595.285714285,7491375.0,7507235.142857143,0.95
current,rational_input_wide1024_d7/solve_row_cleared_bareiss,100,452615.96961960726,451977.245060443,453349.4294244627,452967.51515151514,452191.25078468304,453225.8216156062,0.95
current,rational_input_wide1024_d8/det_big_rational_gaussian,100,11151693.076,10779064.385150002,11547944.159000002,10281091.7,10272612.5,10293625.0,0.95
current,rational_input_wide1024_d8/det_row_cleared_bareiss,100,846418.7426930038,843304.2491035553,850389.0360025405,840203.7490131579,839563.8125,841293.0927419355,0.95
current,rational_input_wide1024_d8/det_sign_row_cleared_bareiss,100,486885.0468407199,484876.0848845517,488985.3307797821,483048.2032520325,481014.97781385283,486324.28643578646,0.95
current,rational_input_wide1024_d8/solve_big_rational_gaussian,100,11273256.092,11260478.608699996,11286384.218150001,11274575.0,11252258.4,11285441.7,0.95
current,rational_input_wide1024_d8/solve_row_cleared_bareiss,100,855177.3680407443,854418.6984566053,855974.187232201,854902.1010273972,854465.1951219512,855552.0833333333,0.95
current,rational_input_wide256_d2/det_big_rational_gaussian,100,45782.14824461704,45730.317944846574,45838.46684540641,45734.679881198346,45693.30970724191,45770.22231182796,0.95
current,rational_input_wide256_d2/det_row_cleared_bareiss,100,9463.235989354656,9422.50990869079,9504.000274115762,9515.2565073051,9382.292268479185,9560.294748553628,0.95
current,rational_input_wide256_d2/det_sign_row_cleared_bareiss,100,983.3788145824038,978.1208299910112,989.0402114509035,978.3079032011332,974.0586645952244,985.2033918153558,0.95
current,rational_input_wide256_d2/solve_big_rational_gaussian,100,50479.327373037544,50405.0563014678,50560.35982436801,50379.426875000005,50323.766343825664,50462.10372596154,0.95
current,rational_input_wide256_d2/solve_row_cleared_bareiss,100,3285.6986196000553,3274.9629066178786,3300.2337879511165,3278.760148912608,3269.910506644518,3285.941837709917,0.95
current,rational_input_wide256_d3/det_big_rational_gaussian,100,139138.23772422,138986.0887608544,139302.11792772365,138974.78518356645,138845.00578703702,139067.87109375,0.95
current,rational_input_wide256_d3/det_row_cleared_bareiss,100,14794.041393066982,14775.058382833846,14813.083578791015,14792.754801920768,14773.34228776738,14805.592245989305,0.95
current,rational_input_wide256_d3/det_sign_row_cleared_bareiss,100,4052.0751485084893,4044.124434053046,4060.026180422318,4054.7996323317047,4042.538041193779,4057.478293867638,0.95
current,rational_input_wide256_d3/solve_big_rational_gaussian,100,173102.93026626296,172764.90446535303,173484.51813103413,172897.1749025341,172760.80929657124,173100.65979381444,0.95
current,rational_input_wide256_d3/solve_row_cleared_bareiss,100,10463.617002337503,10440.07892783004,10490.774406935163,10448.38634672619,10437.222506830602,10457.728623670213,0.95
current,rational_input_wide256_d4/det_big_rational_gaussian,100,342625.0064344684,341707.48532250675,343630.8599460969,341022.003875969,340608.4950918964,341896.47063358565,0.95
current,rational_input_wide256_d4/det_row_cleared_bareiss,100,24342.84371189919,24316.581744980595,24370.312980254817,24325.875962772785,24296.18060415719,24353.288237886307,0.95
current,rational_input_wide256_d4/det_sign_row_cleared_bareiss,100,8605.825822329663,8551.607487161566,8668.64296285179,8538.680766776746,8513.538461538461,8593.869731800767,0.95
current,rational_input_wide256_d4/solve_big_rational_gaussian,100,427312.50493931654,426854.7650188405,427791.7683951142,427055.30202020204,426403.7738095238,427494.1403508772,0.95
current,rational_input_wide256_d4/solve_row_cleared_bareiss,100,24959.663889950454,24930.937183651527,24989.693566764257,24951.090587460487,24913.99961050725,24989.316145833334,0.95
current,rational_input_wide256_d5/det_big_rational_gaussian,100,621114.5694374666,580479.6321906921,664805.2317824921,516383.8348765432,515674.5648734177,519065.8880078773,0.95
current,rational_input_wide256_d5/det_row_cleared_bareiss,100,41118.345118208345,40886.930276956766,41331.21526688436,41305.52491728701,41271.920814479636,41340.31295518839,0.95
current,rational_input_wide256_d5/det_sign_row_cleared_bareiss,100,17447.47126105116,17392.0858330875,17506.324719843185,17369.459756459757,17295.561974789915,17435.252627712478,0.95
current,rational_input_wide256_d5/solve_big_rational_gaussian,100,645591.1213229265,644633.5787197206,646709.9567786139,644606.1008522727,644355.0347222222,645226.8541666666,0.95
current,rational_input_wide256_d5/solve_row_cleared_bareiss,100,45221.91351791252,45183.06804167478,45273.880783211825,45169.80664083816,45144.44202226345,45234.88058551618,0.95
current,rational_input_wide256_d6/det_big_rational_gaussian,100,950377.7916940759,949406.6614589851,951385.6048549474,950624.8716653963,949434.5267857143,951451.5810810811,0.95
current,rational_input_wide256_d6/det_row_cleared_bareiss,100,58209.072299775675,58122.054053423555,58297.72697615934,58181.68802521008,58096.25668449198,58254.67738970588,0.95
current,rational_input_wide256_d6/det_sign_row_cleared_bareiss,100,31992.230209756577,31946.935788665276,32041.179076326633,31961.819894271226,31922.14945425473,32002.78870967742,0.95
current,rational_input_wide256_d6/solve_big_rational_gaussian,100,1172980.4739742982,1169717.7335354579,1176722.1975143573,1168363.247368421,1167162.0444444444,1169617.2990196077,0.95
current,rational_input_wide256_d6/solve_row_cleared_bareiss,100,86543.01235500889,86367.58857191575,86740.3642834307,86362.94418861669,86134.84093315183,86533.66060232872,0.95
current,rational_input_wide256_d7/det_big_rational_gaussian,100,1599985.858798833,1598258.1059774437,1601801.2753211798,1600175.5001755003,1597186.46996997,1600978.8767123288,0.95
current,rational_input_wide256_d7/det_row_cleared_bareiss,100,92486.66278657541,92215.01644520591,92795.05542896823,92180.41014869438,92003.07125307125,92317.8021149582,0.95
current,rational_input_wide256_d7/det_sign_row_cleared_bareiss,100,59120.32005627835,58981.870479228026,59272.31051052008,59060.74442469295,58936.882352941175,59149.40033479732,0.95
current,rational_input_wide256_d7/solve_big_rational_gaussian,100,1944060.5994251508,1941119.353545171,1947358.6595196067,1941311.887254902,1937525.4444444445,1947114.5,0.95
current,rational_input_wide256_d7/solve_row_cleared_bareiss,100,160413.3947326216,159943.87173881003,160913.1269494092,160051.62441130297,159353.86256031934,160598.2142857143,0.95
current,rational_input_wide256_d8/det_big_rational_gaussian,100,2770593.1025000005,2662289.1753500006,2887405.4459374985,2507776.025,2504433.3,2514862.5,0.95
current,rational_input_wide256_d8/det_row_cleared_bareiss,100,145945.87585859385,145332.21219069586,146620.601095857,144563.46516290726,144306.25274725276,144774.8917748918,0.95
current,rational_input_wide256_d8/det_sign_row_cleared_bareiss,100,103502.39896226855,103217.9719917848,103809.5857621113,103173.261065944,102978.99154929578,103336.51738735766,0.95
current,rational_input_wide256_d8/solve_big_rational_gaussian,100,2968085.2205882347,2965157.099749999,2971004.5403088224,2969163.0,2965943.6470588236,2972621.323529412,0.95
current,rational_input_wide256_d8/solve_row_cleared_bareiss,100,283023.1568032561,282603.0913978558,283503.401477486,282319.1734370281,282154.7815423977,282788.4972826087,0.95
